id,bc_price_evo
28855,UP
28856,DOWN
28857,DOWN
28858,DOWN
28859,UP
28860,UP
28861,DOWN
28862,DOWN
28863,DOWN
28864,UP
28865,UP
28866,DOWN
28867,UP
28868,UP
28869,UP
28870,DOWN
28871,DOWN
28872,UP
28873,UP
28874,UP
28875,DOWN
28876,UP
28877,DOWN
28878,UP
28879,UP
28880,UP
28881,UP
28882,UP
28883,DOWN
28884,UP
28885,UP
28886,UP
28887,UP
28888,DOWN
28889,DOWN
28890,UP
28891,DOWN
28892,UP
28893,DOWN
28894,UP
28895,DOWN
28896,UP
28897,DOWN
28898,DOWN
28899,UP
28900,UP
28901,UP
28902,UP
28903,DOWN
28904,DOWN
28905,UP
28906,UP
28907,DOWN
28908,UP
28909,UP
28910,DOWN
28911,DOWN
28912,DOWN
28913,DOWN
28914,DOWN
28915,UP
28916,UP
28917,DOWN
28918,UP
28919,DOWN
28920,UP
28921,UP
28922,UP
28923,UP
28924,UP
28925,UP
28926,DOWN
28927,DOWN
28928,UP
28929,DOWN
28930,UP
28931,UP
28932,UP
28933,UP
28934,UP
28935,DOWN
28936,UP
28937,UP
28938,UP
28939,UP
28940,UP
28941,UP
28942,UP
28943,DOWN
28944,UP
28945,DOWN
28946,UP
28947,UP
28948,DOWN
28949,UP
28950,UP
28951,UP
28952,DOWN
28953,UP
28954,UP
28955,UP
28956,UP
28957,UP
28958,UP
28959,DOWN
28960,UP
28961,DOWN
28962,DOWN
28963,UP
28964,DOWN
28965,UP
28966,UP
28967,UP
28968,UP
28969,UP
28970,UP
28971,DOWN
28972,DOWN
28973,DOWN
28974,DOWN
28975,DOWN
28976,UP
28977,UP
28978,DOWN
28979,DOWN
28980,UP
28981,UP
28982,UP
28983,UP
28984,UP
28985,UP
28986,DOWN
28987,DOWN
28988,DOWN
28989,UP
28990,DOWN
28991,UP
28992,DOWN
28993,UP
28994,UP
28995,DOWN
28996,UP
28997,UP
28998,UP
28999,DOWN
29000,DOWN
29001,DOWN
29002,UP
29003,UP
29004,DOWN
29005,DOWN
29006,UP
29007,UP
29008,DOWN
29009,UP
29010,UP
29011,UP
29012,DOWN
29013,UP
29014,UP
29015,UP
29016,DOWN
29017,UP
29018,DOWN
29019,UP
29020,UP
29021,DOWN
29022,DOWN
29023,UP
29024,DOWN
29025,UP
29026,DOWN
29027,UP
29028,UP
29029,UP
29030,UP
29031,DOWN
29032,UP
29033,UP
29034,UP
29035,UP
29036,UP
29037,DOWN
29038,DOWN
29039,UP
29040,DOWN
29041,UP
29042,DOWN
29043,DOWN
29044,UP
29045,DOWN
29046,DOWN
29047,UP
29048,UP
29049,UP
29050,DOWN
29051,UP
29052,UP
29053,UP
29054,UP
29055,UP
29056,UP
29057,UP
29058,DOWN
29059,UP
29060,DOWN
29061,UP
29062,DOWN
29063,UP
29064,UP
29065,UP
29066,UP
29067,DOWN
29068,DOWN
29069,UP
29070,DOWN
29071,DOWN
29072,UP
29073,UP
29074,UP
29075,UP
29076,DOWN
29077,DOWN
29078,UP
29079,UP
29080,UP
29081,UP
29082,UP
29083,UP
29084,DOWN
29085,UP
29086,UP
29087,UP
29088,DOWN
29089,DOWN
29090,UP
29091,UP
29092,UP
29093,DOWN
29094,UP
29095,UP
29096,DOWN
29097,UP
29098,UP
29099,UP
29100,UP
29101,DOWN
29102,DOWN
29103,DOWN
29104,DOWN
29105,DOWN
29106,DOWN
29107,UP
29108,UP
29109,DOWN
29110,UP
29111,UP
29112,UP
29113,UP
29114,UP
29115,UP
29116,UP
29117,DOWN
29118,UP
29119,DOWN
29120,UP
29121,UP
29122,UP
29123,DOWN
29124,UP
29125,UP
29126,UP
29127,UP
29128,DOWN
29129,DOWN
29130,UP
29131,DOWN
29132,DOWN
29133,UP
29134,UP
29135,DOWN
29136,DOWN
29137,DOWN
29138,UP
29139,UP
29140,DOWN
29141,DOWN
29142,DOWN
29143,DOWN
29144,UP
29145,UP
29146,DOWN
29147,DOWN
29148,UP
29149,UP
29150,UP
29151,UP
29152,UP
29153,DOWN
29154,UP
29155,DOWN
29156,DOWN
29157,UP
29158,UP
29159,DOWN
29160,DOWN
29161,UP
29162,UP
29163,DOWN
29164,UP
29165,DOWN
29166,DOWN
29167,UP
29168,UP
29169,UP
29170,DOWN
29171,DOWN
29172,DOWN
29173,DOWN
29174,UP
29175,UP
29176,DOWN
29177,UP
29178,DOWN
29179,UP
29180,DOWN
29181,DOWN
29182,UP
29183,UP
29184,UP
29185,DOWN
29186,DOWN
29187,UP
29188,UP
29189,UP
29190,UP
29191,UP
29192,DOWN
29193,DOWN
29194,UP
29195,UP
29196,DOWN
29197,UP
29198,UP
29199,UP
29200,DOWN
29201,DOWN
29202,UP
29203,UP
29204,DOWN
29205,DOWN
29206,UP
29207,UP
29208,DOWN
29209,UP
29210,UP
29211,UP
29212,UP
29213,DOWN
29214,UP
29215,UP
29216,UP
29217,UP
29218,DOWN
29219,UP
29220,UP
29221,UP
29222,DOWN
29223,UP
29224,DOWN
29225,DOWN
29226,UP
29227,UP
29228,UP
29229,DOWN
29230,UP
29231,DOWN
29232,UP
29233,UP
29234,UP
29235,UP
29236,UP
29237,UP
29238,UP
29239,UP
29240,UP
29241,DOWN
29242,DOWN
29243,UP
29244,UP
29245,DOWN
29246,DOWN
29247,UP
29248,UP
29249,DOWN
29250,UP
29251,UP
29252,UP
29253,UP
29254,UP
29255,UP
29256,DOWN
29257,DOWN
29258,DOWN
29259,UP
29260,DOWN
29261,DOWN
29262,DOWN
29263,UP
29264,UP
29265,DOWN
29266,UP
29267,DOWN
29268,DOWN
29269,UP
29270,UP
29271,DOWN
29272,UP
29273,UP
29274,UP
29275,UP
29276,UP
29277,UP
29278,DOWN
29279,UP
29280,DOWN
29281,UP
29282,UP
29283,UP
29284,DOWN
29285,DOWN
29286,UP
29287,UP
29288,DOWN
29289,UP
29290,DOWN
29291,UP
29292,DOWN
29293,UP
29294,UP
29295,UP
29296,UP
29297,UP
29298,UP
29299,UP
29300,UP
29301,UP
29302,UP
29303,UP
29304,DOWN
29305,DOWN
29306,UP
29307,DOWN
29308,UP
29309,DOWN
29310,DOWN
29311,DOWN
29312,UP
29313,UP
29314,DOWN
29315,UP
29316,DOWN
29317,UP
29318,DOWN
29319,UP
29320,UP
29321,UP
29322,UP
29323,UP
29324,DOWN
29325,UP
29326,UP
29327,UP
29328,DOWN
29329,UP
29330,UP
29331,DOWN
29332,DOWN
29333,DOWN
29334,UP
29335,DOWN
29336,DOWN
29337,UP
29338,DOWN
29339,UP
29340,UP
29341,DOWN
29342,DOWN
29343,DOWN
29344,UP
29345,UP
29346,DOWN
29347,UP
29348,UP
29349,UP
29350,UP
29351,UP
29352,DOWN
29353,DOWN
29354,UP
29355,DOWN
29356,UP
29357,UP
29358,DOWN
29359,UP
29360,UP
29361,UP
29362,DOWN
29363,DOWN
29364,UP
29365,UP
29366,DOWN
29367,UP
29368,UP
29369,UP
29370,DOWN
29371,UP
29372,UP
29373,UP
29374,UP
29375,UP
29376,UP
29377,UP
29378,UP
29379,DOWN
29380,DOWN
29381,UP
29382,DOWN
29383,DOWN
29384,DOWN
29385,DOWN
29386,UP
29387,UP
29388,UP
29389,DOWN
29390,DOWN
29391,UP
29392,DOWN
29393,UP
29394,DOWN
29395,DOWN
29396,DOWN
29397,DOWN
29398,UP
29399,UP
29400,DOWN
29401,DOWN
29402,UP
29403,DOWN
29404,DOWN
29405,DOWN
29406,DOWN
29407,DOWN
29408,DOWN
29409,DOWN
29410,UP
29411,UP
29412,UP
29413,DOWN
29414,UP
29415,UP
29416,DOWN
29417,UP
29418,UP
29419,UP
29420,UP
29421,DOWN
29422,UP
29423,UP
29424,DOWN
29425,DOWN
29426,UP
29427,DOWN
29428,UP
29429,UP
29430,UP
29431,UP
29432,UP
29433,UP
29434,DOWN
29435,UP
29436,DOWN
29437,UP
29438,UP
29439,DOWN
29440,DOWN
29441,DOWN
29442,DOWN
29443,UP
29444,UP
29445,DOWN
29446,UP
29447,UP
29448,UP
29449,UP
29450,UP
29451,UP
29452,UP
29453,DOWN
29454,UP
29455,UP
29456,UP
29457,UP
29458,UP
29459,UP
29460,DOWN
29461,DOWN
29462,UP
29463,UP
29464,DOWN
29465,DOWN
29466,UP
29467,UP
29468,DOWN
29469,UP
29470,UP
29471,DOWN
29472,UP
29473,DOWN
29474,UP
29475,UP
29476,UP
29477,DOWN
29478,UP
29479,DOWN
29480,UP
29481,DOWN
29482,UP
29483,DOWN
29484,UP
29485,UP
29486,DOWN
29487,UP
29488,DOWN
29489,UP
29490,UP
29491,UP
29492,DOWN
29493,DOWN
29494,UP
29495,DOWN
29496,UP
29497,UP
29498,UP
29499,DOWN
29500,DOWN
29501,DOWN
29502,DOWN
29503,DOWN
29504,UP
29505,UP
29506,UP
29507,DOWN
29508,UP
29509,UP
29510,DOWN
29511,UP
29512,DOWN
29513,DOWN
29514,UP
29515,DOWN
29516,DOWN
29517,UP
29518,DOWN
29519,UP
29520,UP
29521,UP
29522,DOWN
29523,DOWN
29524,DOWN
29525,UP
29526,DOWN
29527,UP
29528,UP
29529,DOWN
29530,UP
29531,UP
29532,UP
29533,UP
29534,UP
29535,UP
29536,DOWN
29537,UP
29538,UP
29539,DOWN
29540,UP
29541,DOWN
29542,UP
29543,DOWN
29544,UP
29545,UP
29546,UP
29547,UP
29548,UP
29549,UP
29550,DOWN
29551,DOWN
29552,DOWN
29553,UP
29554,UP
29555,UP
29556,UP
29557,UP
29558,UP
29559,DOWN
29560,DOWN
29561,UP
29562,UP
29563,UP
29564,UP
29565,UP
29566,DOWN
29567,UP
29568,DOWN
29569,UP
29570,DOWN
29571,DOWN
29572,DOWN
29573,UP
29574,DOWN
29575,UP
29576,DOWN
29577,DOWN
29578,DOWN
29579,DOWN
29580,UP
29581,UP
29582,UP
29583,UP
29584,UP
29585,DOWN
29586,DOWN
29587,DOWN
29588,UP
29589,UP
29590,UP
29591,DOWN
29592,DOWN
29593,DOWN
29594,DOWN
29595,UP
29596,UP
29597,DOWN
29598,UP
29599,UP
29600,UP
29601,DOWN
29602,DOWN
29603,UP
29604,UP
29605,DOWN
29606,DOWN
29607,UP
29608,DOWN
29609,DOWN
29610,DOWN
29611,UP
29612,UP
29613,UP
29614,UP
29615,UP
29616,UP
29617,DOWN
29618,UP
29619,UP
29620,UP
29621,DOWN
29622,UP
29623,DOWN
29624,UP
29625,DOWN
29626,UP
29627,UP
29628,UP
29629,UP
29630,DOWN
29631,DOWN
29632,UP
29633,DOWN
29634,UP
29635,DOWN
29636,UP
29637,DOWN
29638,UP
29639,UP
29640,UP
29641,DOWN
29642,UP
29643,UP
29644,UP
29645,DOWN
29646,UP
29647,DOWN
29648,UP
29649,DOWN
29650,UP
29651,DOWN
29652,DOWN
29653,UP
29654,DOWN
29655,UP
29656,DOWN
29657,UP
29658,UP
29659,DOWN
29660,UP
29661,UP
29662,DOWN
29663,UP
29664,UP
29665,DOWN
29666,UP
29667,UP
29668,UP
29669,UP
29670,UP
29671,UP
29672,UP
29673,DOWN
29674,UP
29675,DOWN
29676,UP
29677,UP
29678,UP
29679,UP
29680,UP
29681,UP
29682,UP
29683,DOWN
29684,DOWN
29685,UP
29686,DOWN
29687,UP
29688,DOWN
29689,UP
29690,UP
29691,DOWN
29692,UP
29693,DOWN
29694,UP
29695,UP
29696,DOWN
29697,UP
29698,UP
29699,UP
29700,UP
29701,UP
29702,DOWN
29703,UP
29704,DOWN
29705,UP
29706,DOWN
29707,UP
29708,UP
29709,UP
29710,UP
29711,UP
29712,UP
29713,UP
29714,DOWN
29715,DOWN
29716,UP
29717,DOWN
29718,UP
29719,UP
29720,UP
29721,DOWN
29722,DOWN
29723,DOWN
29724,UP
29725,UP
29726,UP
29727,UP
29728,UP
29729,DOWN
29730,UP
29731,UP
29732,UP
29733,UP
29734,DOWN
29735,UP
29736,UP
29737,UP
29738,DOWN
29739,UP
29740,UP
29741,DOWN
29742,UP
29743,DOWN
29744,DOWN
29745,UP
29746,DOWN
29747,DOWN
29748,UP
29749,UP
29750,DOWN
29751,UP
29752,UP
29753,DOWN
29754,UP
29755,DOWN
29756,UP
29757,UP
29758,DOWN
29759,UP
29760,DOWN
29761,DOWN
29762,UP
29763,UP
29764,DOWN
29765,UP
29766,DOWN
29767,UP
29768,UP
29769,DOWN
29770,UP
29771,DOWN
29772,DOWN
29773,UP
29774,UP
29775,UP
29776,DOWN
29777,UP
29778,DOWN
29779,DOWN
29780,DOWN
29781,DOWN
29782,UP
29783,UP
29784,DOWN
29785,DOWN
29786,UP
29787,UP
29788,UP
29789,DOWN
29790,DOWN
29791,UP
29792,UP
29793,DOWN
29794,DOWN
29795,DOWN
29796,DOWN
29797,UP
29798,UP
29799,UP
29800,UP
29801,UP
29802,UP
29803,DOWN
29804,UP
29805,DOWN
29806,UP
29807,UP
29808,DOWN
29809,UP
29810,UP
29811,UP
29812,UP
29813,UP
29814,UP
29815,DOWN
29816,UP
29817,UP
29818,UP
29819,UP
29820,UP
29821,UP
29822,UP
29823,UP
29824,UP
29825,UP
29826,UP
29827,UP
29828,UP
29829,DOWN
29830,UP
29831,UP
29832,DOWN
29833,DOWN
29834,UP
29835,DOWN
29836,UP
29837,UP
29838,DOWN
29839,UP
29840,DOWN
29841,UP
29842,UP
29843,UP
29844,DOWN
29845,DOWN
29846,DOWN
29847,UP
29848,UP
29849,DOWN
29850,UP
29851,UP
29852,UP
29853,DOWN
29854,UP
29855,UP
29856,UP
29857,DOWN
29858,UP
29859,UP
29860,UP
29861,UP
29862,UP
29863,DOWN
29864,UP
29865,UP
29866,UP
29867,DOWN
29868,DOWN
29869,UP
29870,UP
29871,UP
29872,UP
29873,UP
29874,UP
29875,UP
29876,DOWN
29877,DOWN
29878,UP
29879,DOWN
29880,UP
29881,UP
29882,UP
29883,UP
29884,DOWN
29885,UP
29886,DOWN
29887,UP
29888,DOWN
29889,UP
29890,UP
29891,DOWN
29892,UP
29893,UP
29894,UP
29895,DOWN
29896,DOWN
29897,UP
29898,DOWN
29899,UP
29900,UP
29901,DOWN
29902,UP
29903,UP
29904,UP
29905,UP
29906,DOWN
29907,DOWN
29908,DOWN
29909,UP
29910,DOWN
29911,UP
29912,DOWN
29913,UP
29914,UP
29915,DOWN
29916,DOWN
29917,DOWN
29918,DOWN
29919,DOWN
29920,UP
29921,UP
29922,UP
29923,UP
29924,DOWN
29925,UP
29926,DOWN
29927,DOWN
29928,UP
29929,UP
29930,UP
29931,UP
29932,UP
29933,DOWN
29934,DOWN
29935,UP
29936,DOWN
29937,DOWN
29938,UP
29939,UP
29940,DOWN
29941,UP
29942,UP
29943,DOWN
29944,DOWN
29945,DOWN
29946,DOWN
29947,UP
29948,UP
29949,UP
29950,DOWN
29951,UP
29952,DOWN
29953,UP
29954,DOWN
29955,UP
29956,UP
29957,UP
29958,UP
29959,DOWN
29960,UP
29961,DOWN
29962,UP
29963,DOWN
29964,UP
29965,UP
29966,DOWN
29967,UP
29968,DOWN
29969,UP
29970,UP
29971,UP
29972,UP
29973,UP
29974,DOWN
29975,DOWN
29976,DOWN
29977,DOWN
29978,DOWN
29979,DOWN
29980,DOWN
29981,UP
29982,UP
29983,DOWN
29984,DOWN
29985,UP
29986,UP
29987,UP
29988,UP
29989,UP
29990,UP
29991,UP
29992,UP
29993,UP
29994,DOWN
29995,DOWN
29996,UP
29997,UP
29998,UP
29999,UP
30000,DOWN
30001,DOWN
30002,UP
30003,UP
30004,DOWN
30005,UP
30006,UP
30007,UP
30008,DOWN
30009,DOWN
30010,DOWN
30011,UP
30012,UP
30013,UP
30014,DOWN
30015,UP
30016,UP
30017,DOWN
30018,DOWN
30019,DOWN
30020,UP
30021,UP
30022,UP
30023,DOWN
30024,UP
30025,UP
30026,DOWN
30027,DOWN
30028,UP
30029,DOWN
30030,DOWN
30031,UP
30032,UP
30033,DOWN
30034,UP
30035,UP
30036,DOWN
30037,UP
30038,UP
30039,DOWN
30040,DOWN
30041,DOWN
30042,DOWN
30043,DOWN
30044,UP
30045,DOWN
30046,UP
30047,UP
30048,UP
30049,DOWN
30050,UP
30051,DOWN
30052,UP
30053,DOWN
30054,DOWN
30055,UP
30056,UP
30057,UP
30058,UP
30059,UP
30060,DOWN
30061,UP
30062,UP
30063,UP
30064,DOWN
30065,UP
30066,DOWN
30067,DOWN
30068,UP
30069,DOWN
30070,UP
30071,UP
30072,UP
30073,UP
30074,UP
30075,DOWN
30076,UP
30077,UP
30078,UP
30079,DOWN
30080,UP
30081,UP
30082,UP
30083,UP
30084,UP
30085,UP
30086,UP
30087,UP
30088,UP
30089,UP
30090,DOWN
30091,UP
30092,UP
30093,DOWN
30094,UP
30095,UP
30096,DOWN
30097,UP
30098,UP
30099,DOWN
30100,UP
30101,DOWN
30102,UP
30103,DOWN
30104,UP
30105,DOWN
30106,DOWN
30107,DOWN
30108,UP
30109,UP
30110,UP
30111,DOWN
30112,UP
30113,UP
30114,UP
30115,DOWN
30116,UP
30117,UP
30118,DOWN
30119,DOWN
30120,DOWN
30121,UP
30122,UP
30123,UP
30124,UP
30125,UP
30126,DOWN
30127,DOWN
30128,UP
30129,DOWN
30130,DOWN
30131,UP
30132,DOWN
30133,UP
30134,UP
30135,DOWN
30136,DOWN
30137,UP
30138,UP
30139,UP
30140,DOWN
30141,UP
30142,UP
30143,UP
30144,UP
30145,UP
30146,UP
30147,UP
30148,DOWN
30149,UP
30150,UP
30151,DOWN
30152,DOWN
30153,DOWN
30154,UP
30155,DOWN
30156,DOWN
30157,UP
30158,UP
30159,UP
30160,DOWN
30161,UP
30162,UP
30163,UP
30164,DOWN
30165,UP
30166,DOWN
30167,UP
30168,UP
30169,DOWN
30170,UP
30171,DOWN
30172,UP
30173,UP
30174,DOWN
30175,DOWN
30176,DOWN
30177,UP
30178,DOWN
30179,UP
30180,DOWN
30181,UP
30182,UP
30183,DOWN
30184,UP
30185,UP
30186,UP
30187,DOWN
30188,DOWN
30189,UP
30190,DOWN
30191,UP
30192,DOWN
30193,DOWN
30194,UP
30195,DOWN
30196,UP
30197,UP
30198,DOWN
30199,UP
30200,UP
30201,DOWN
30202,UP
30203,DOWN
30204,UP
30205,UP
30206,UP
30207,UP
30208,DOWN
30209,DOWN
30210,UP
30211,DOWN
30212,UP
30213,UP
30214,DOWN
30215,DOWN
30216,UP
30217,DOWN
30218,DOWN
30219,DOWN
30220,UP
30221,DOWN
30222,DOWN
30223,UP
30224,UP
30225,UP
30226,UP
30227,DOWN
30228,UP
30229,UP
30230,DOWN
30231,UP
30232,UP
30233,DOWN
30234,UP
30235,DOWN
30236,UP
30237,UP
30238,UP
30239,DOWN
30240,UP
30241,UP
30242,DOWN
30243,DOWN
30244,DOWN
30245,UP
30246,DOWN
30247,UP
30248,UP
30249,UP
30250,UP
30251,UP
30252,UP
30253,DOWN
30254,DOWN
30255,DOWN
30256,DOWN
30257,DOWN
30258,UP
30259,UP
30260,UP
30261,UP
30262,UP
30263,UP
30264,DOWN
30265,UP
30266,UP
30267,DOWN
30268,UP
30269,UP
30270,UP
30271,DOWN
30272,UP
30273,DOWN
30274,DOWN
30275,DOWN
30276,UP
30277,UP
30278,UP
30279,DOWN
30280,UP
30281,DOWN
30282,UP
30283,DOWN
30284,UP
30285,DOWN
30286,DOWN
30287,UP
30288,UP
30289,UP
30290,UP
30291,DOWN
30292,UP
30293,UP
30294,DOWN
30295,UP
30296,DOWN
30297,UP
30298,DOWN
30299,DOWN
30300,DOWN
30301,UP
30302,UP
30303,DOWN
30304,UP
30305,DOWN
30306,DOWN
30307,UP
30308,UP
30309,UP
30310,UP
30311,DOWN
30312,DOWN
30313,DOWN
30314,DOWN
30315,UP
30316,UP
30317,DOWN
30318,UP
30319,DOWN
30320,UP
30321,UP
30322,DOWN
30323,UP
30324,UP
30325,UP
30326,UP
30327,UP
30328,UP
30329,UP
30330,UP
30331,DOWN
30332,DOWN
30333,UP
30334,DOWN
30335,UP
30336,UP
30337,UP
30338,DOWN
30339,UP
30340,UP
30341,DOWN
30342,UP
30343,UP
30344,UP
30345,DOWN
30346,DOWN
30347,UP
30348,UP
30349,DOWN
30350,UP
30351,UP
30352,UP
30353,DOWN
30354,UP
30355,DOWN
30356,UP
30357,UP
30358,UP
30359,DOWN
30360,UP
30361,UP
30362,UP
30363,UP
30364,UP
30365,DOWN
30366,DOWN
30367,UP
30368,UP
30369,DOWN
30370,DOWN
30371,UP
30372,UP
30373,DOWN
30374,UP
30375,DOWN
30376,UP
30377,DOWN
30378,DOWN
30379,UP
30380,UP
30381,DOWN
30382,DOWN
30383,DOWN
30384,UP
30385,UP
30386,DOWN
30387,UP
30388,DOWN
30389,UP
30390,DOWN
30391,UP
30392,DOWN
30393,UP
30394,UP
30395,UP
30396,UP
30397,UP
30398,UP
30399,DOWN
30400,UP
30401,DOWN
30402,DOWN
30403,DOWN
30404,UP
30405,DOWN
30406,DOWN
30407,DOWN
30408,UP
30409,UP
30410,UP
30411,DOWN
30412,UP
30413,UP
30414,DOWN
30415,UP
30416,DOWN
30417,DOWN
30418,DOWN
30419,UP
30420,DOWN
30421,UP
30422,UP
30423,UP
30424,UP
30425,DOWN
30426,DOWN
30427,UP
30428,UP
30429,UP
30430,UP
30431,DOWN
30432,UP
30433,UP
30434,UP
30435,DOWN
30436,UP
30437,DOWN
30438,UP
30439,UP
30440,UP
30441,DOWN
30442,DOWN
30443,DOWN
30444,UP
30445,UP
30446,UP
30447,DOWN
30448,UP
30449,DOWN
30450,DOWN
30451,DOWN
30452,UP
30453,DOWN
30454,DOWN
30455,DOWN
30456,UP
30457,UP
30458,UP
30459,UP
30460,UP
30461,DOWN
30462,DOWN
30463,DOWN
30464,UP
30465,UP
30466,UP
30467,UP
30468,UP
30469,UP
30470,DOWN
30471,UP
30472,DOWN
30473,DOWN
30474,UP
30475,UP
30476,UP
30477,UP
30478,DOWN
30479,UP
30480,DOWN
30481,UP
30482,DOWN
30483,DOWN
30484,UP
30485,DOWN
30486,UP
30487,DOWN
30488,DOWN
30489,UP
30490,UP
30491,UP
30492,UP
30493,UP
30494,UP
30495,UP
30496,UP
30497,DOWN
30498,UP
30499,UP
30500,DOWN
30501,DOWN
30502,DOWN
30503,UP
30504,UP
30505,DOWN
30506,UP
30507,UP
30508,DOWN
30509,UP
30510,UP
30511,UP
30512,UP
30513,UP
30514,UP
30515,UP
30516,UP
30517,UP
30518,UP
30519,UP
30520,UP
30521,UP
30522,UP
30523,DOWN
30524,DOWN
30525,DOWN
30526,UP
30527,UP
30528,UP
30529,UP
30530,UP
30531,DOWN
30532,UP
30533,DOWN
30534,UP
30535,UP
30536,UP
30537,UP
30538,UP
30539,DOWN
30540,UP
30541,UP
30542,UP
30543,UP
30544,UP
30545,UP
30546,DOWN
30547,UP
30548,UP
30549,DOWN
30550,DOWN
30551,UP
30552,UP
30553,DOWN
30554,DOWN
30555,UP
30556,DOWN
30557,DOWN
30558,UP
30559,UP
30560,DOWN
30561,UP
30562,UP
30563,UP
30564,DOWN
30565,UP
30566,UP
30567,UP
30568,UP
30569,UP
30570,UP
30571,DOWN
30572,UP
30573,UP
30574,UP
30575,UP
30576,UP
30577,DOWN
30578,DOWN
30579,UP
30580,DOWN
30581,UP
30582,DOWN
30583,UP
30584,UP
30585,UP
30586,DOWN
30587,DOWN
30588,DOWN
30589,DOWN
30590,UP
30591,UP
30592,DOWN
30593,DOWN
30594,UP
30595,UP
30596,UP
30597,UP
30598,UP
30599,UP
30600,UP
30601,UP
30602,DOWN
30603,DOWN
30604,UP
30605,DOWN
30606,UP
30607,UP
30608,UP
30609,DOWN
30610,UP
30611,UP
30612,DOWN
30613,DOWN
30614,DOWN
30615,UP
30616,UP
30617,UP
30618,UP
30619,UP
30620,UP
30621,UP
30622,UP
30623,DOWN
30624,UP
30625,UP
30626,UP
30627,UP
30628,UP
30629,DOWN
30630,UP
30631,DOWN
30632,DOWN
30633,DOWN
30634,DOWN
30635,DOWN
30636,DOWN
30637,UP
30638,UP
30639,DOWN
30640,DOWN
30641,DOWN
30642,UP
30643,UP
30644,UP
30645,UP
30646,UP
30647,DOWN
30648,UP
30649,UP
30650,UP
30651,UP
30652,UP
30653,DOWN
30654,UP
30655,DOWN
30656,UP
30657,UP
30658,DOWN
30659,UP
30660,DOWN
30661,UP
30662,UP
30663,UP
30664,UP
30665,UP
30666,DOWN
30667,DOWN
30668,DOWN
30669,UP
30670,UP
30671,UP
30672,DOWN
30673,UP
30674,UP
30675,UP
30676,UP
30677,DOWN
30678,DOWN
30679,DOWN
30680,UP
30681,UP
30682,UP
30683,UP
30684,UP
30685,UP
30686,UP
30687,DOWN
30688,UP
30689,UP
30690,DOWN
30691,UP
30692,UP
30693,UP
30694,DOWN
30695,UP
30696,UP
30697,DOWN
30698,UP
30699,UP
30700,UP
30701,DOWN
30702,UP
30703,UP
30704,DOWN
30705,UP
30706,UP
30707,UP
30708,DOWN
30709,DOWN
30710,UP
30711,DOWN
30712,UP
30713,UP
30714,UP
30715,UP
30716,UP
30717,UP
30718,UP
30719,UP
30720,DOWN
30721,UP
30722,UP
30723,UP
30724,DOWN
30725,UP
30726,UP
30727,UP
30728,UP
30729,DOWN
30730,UP
30731,UP
30732,UP
30733,UP
30734,UP
30735,UP
30736,UP
30737,UP
30738,UP
30739,DOWN
30740,UP
30741,UP
30742,UP
30743,DOWN
30744,UP
30745,DOWN
30746,DOWN
30747,UP
30748,DOWN
30749,UP
30750,DOWN
30751,UP
30752,UP
30753,DOWN
30754,UP
30755,DOWN
30756,UP
30757,UP
30758,DOWN
30759,UP
30760,UP
30761,DOWN
30762,UP
30763,DOWN
30764,UP
30765,UP
30766,DOWN
30767,UP
30768,UP
30769,UP
30770,UP
30771,DOWN
30772,UP
30773,DOWN
30774,UP
30775,DOWN
30776,UP
30777,UP
30778,UP
30779,DOWN
30780,DOWN
30781,DOWN
30782,UP
30783,UP
30784,UP
30785,UP
30786,UP
30787,DOWN
30788,DOWN
30789,UP
30790,UP
30791,DOWN
30792,UP
30793,UP
30794,UP
30795,UP
30796,DOWN
30797,UP
30798,UP
30799,UP
30800,UP
30801,DOWN
30802,DOWN
30803,UP
30804,DOWN
30805,UP
30806,DOWN
30807,UP
30808,DOWN
30809,DOWN
30810,DOWN
30811,UP
30812,UP
30813,UP
30814,UP
30815,DOWN
30816,DOWN
30817,UP
30818,UP
30819,DOWN
30820,DOWN
30821,UP
30822,UP
30823,DOWN
30824,UP
30825,UP
30826,DOWN
30827,DOWN
30828,DOWN
30829,DOWN
30830,UP
30831,DOWN
30832,UP
30833,DOWN
30834,UP
30835,DOWN
30836,UP
30837,UP
30838,UP
30839,UP
30840,DOWN
30841,UP
30842,UP
30843,UP
30844,UP
30845,DOWN
30846,UP
30847,UP
30848,UP
30849,UP
30850,UP
30851,UP
30852,DOWN
30853,UP
30854,UP
30855,UP
30856,UP
30857,UP
30858,UP
30859,UP
30860,DOWN
30861,UP
30862,UP
30863,UP
30864,UP
30865,DOWN
30866,UP
30867,UP
30868,DOWN
30869,UP
30870,DOWN
30871,UP
30872,DOWN
30873,DOWN
30874,UP
30875,UP
30876,UP
30877,UP
30878,UP
30879,UP
30880,UP
30881,DOWN
30882,UP
30883,UP
30884,UP
30885,DOWN
30886,DOWN
30887,UP
30888,DOWN
30889,UP
30890,DOWN
30891,UP
30892,DOWN
30893,DOWN
30894,DOWN
30895,DOWN
30896,UP
30897,DOWN
30898,DOWN
30899,UP
30900,UP
30901,UP
30902,UP
30903,DOWN
30904,UP
30905,UP
30906,UP
30907,UP
30908,DOWN
30909,UP
30910,DOWN
30911,UP
30912,UP
30913,DOWN
30914,UP
30915,UP
30916,UP
30917,UP
30918,DOWN
30919,DOWN
30920,UP
30921,UP
30922,DOWN
30923,DOWN
30924,UP
30925,UP
30926,UP
30927,DOWN
30928,UP
30929,UP
30930,UP
30931,UP
30932,UP
30933,UP
30934,UP
30935,DOWN
30936,UP
30937,DOWN
30938,UP
30939,DOWN
30940,UP
30941,UP
30942,DOWN
30943,UP
30944,DOWN
30945,UP
30946,UP
30947,UP
30948,UP
30949,UP
30950,UP
30951,UP
30952,UP
30953,UP
30954,UP
30955,DOWN
30956,UP
30957,UP
30958,DOWN
30959,UP
30960,DOWN
30961,DOWN
30962,UP
30963,UP
30964,DOWN
30965,UP
30966,DOWN
30967,UP
30968,UP
30969,UP
30970,DOWN
30971,UP
30972,DOWN
30973,DOWN
30974,UP
30975,DOWN
30976,UP
30977,DOWN
30978,UP
30979,DOWN
30980,UP
30981,UP
30982,UP
30983,UP
30984,UP
30985,UP
30986,UP
30987,UP
30988,UP
30989,UP
30990,DOWN
30991,DOWN
30992,DOWN
30993,DOWN
30994,UP
30995,UP
30996,UP
30997,DOWN
30998,UP
30999,UP
31000,UP
31001,UP
31002,UP
31003,UP
31004,DOWN
31005,UP
31006,UP
31007,DOWN
31008,UP
31009,DOWN
31010,UP
31011,UP
31012,DOWN
31013,UP
31014,UP
31015,UP
31016,UP
31017,UP
31018,UP
31019,UP
31020,UP
31021,UP
31022,DOWN
31023,UP
31024,DOWN
31025,UP
31026,DOWN
31027,DOWN
31028,UP
31029,DOWN
31030,DOWN
31031,UP
31032,UP
31033,UP
31034,DOWN
31035,UP
31036,UP
31037,UP
31038,UP
31039,DOWN
31040,DOWN
31041,UP
31042,UP
31043,UP
31044,DOWN
31045,UP
31046,DOWN
31047,DOWN
31048,UP
31049,DOWN
31050,DOWN
31051,UP
31052,UP
31053,DOWN
31054,DOWN
31055,DOWN
31056,DOWN
31057,UP
31058,DOWN
31059,UP
31060,DOWN
31061,UP
31062,DOWN
31063,DOWN
31064,DOWN
31065,DOWN
31066,UP
31067,DOWN
31068,UP
31069,UP
31070,UP
31071,UP
31072,DOWN
31073,UP
31074,DOWN
31075,DOWN
31076,UP
31077,UP
31078,DOWN
31079,UP
31080,UP
31081,UP
31082,DOWN
31083,DOWN
31084,UP
31085,UP
31086,UP
31087,DOWN
31088,UP
31089,UP
31090,DOWN
31091,UP
31092,UP
31093,DOWN
31094,UP
31095,UP
31096,UP
31097,UP
31098,UP
31099,DOWN
31100,UP
31101,UP
31102,UP
31103,DOWN
31104,DOWN
31105,UP
31106,UP
31107,DOWN
31108,UP
31109,DOWN
31110,UP
31111,DOWN
31112,UP
31113,UP
31114,DOWN
31115,UP
31116,UP
31117,UP
31118,UP
31119,DOWN
31120,UP
31121,DOWN
31122,DOWN
31123,DOWN
31124,UP
31125,DOWN
31126,DOWN
31127,DOWN
31128,DOWN
31129,UP
31130,UP
31131,UP
31132,DOWN
31133,DOWN
31134,DOWN
31135,DOWN
31136,UP
31137,UP
31138,UP
31139,DOWN
31140,UP
31141,DOWN
31142,DOWN
31143,UP
31144,UP
31145,UP
31146,DOWN
31147,UP
31148,DOWN
31149,UP
31150,DOWN
31151,UP
31152,UP
31153,UP
31154,DOWN
31155,DOWN
31156,UP
31157,UP
31158,UP
31159,UP
31160,DOWN
31161,DOWN
31162,UP
31163,UP
31164,UP
31165,UP
31166,DOWN
31167,UP
31168,UP
31169,UP
31170,UP
31171,UP
31172,UP
31173,UP
31174,UP
31175,UP
31176,DOWN
31177,UP
31178,DOWN
31179,UP
31180,DOWN
31181,UP
31182,DOWN
31183,UP
31184,DOWN
31185,UP
31186,UP
31187,UP
31188,UP
31189,DOWN
31190,DOWN
31191,UP
31192,DOWN
31193,UP
31194,DOWN
31195,UP
31196,DOWN
31197,DOWN
31198,DOWN
31199,UP
31200,DOWN
31201,DOWN
31202,UP
31203,DOWN
31204,UP
31205,UP
31206,UP
31207,UP
31208,DOWN
31209,UP
31210,DOWN
31211,UP
31212,UP
31213,UP
31214,DOWN
31215,DOWN
31216,UP
31217,UP
31218,DOWN
31219,UP
31220,DOWN
31221,DOWN
31222,DOWN
31223,DOWN
31224,DOWN
31225,UP
31226,UP
31227,UP
31228,DOWN
31229,UP
31230,UP
31231,UP
31232,UP
31233,DOWN
31234,DOWN
31235,DOWN
31236,DOWN
31237,DOWN
31238,DOWN
31239,DOWN
31240,UP
31241,UP
31242,UP
31243,DOWN
31244,UP
31245,UP
31246,UP
31247,UP
31248,UP
31249,UP
31250,UP
31251,UP
31252,DOWN
31253,DOWN
31254,UP
31255,DOWN
31256,UP
31257,DOWN
31258,UP
31259,UP
31260,UP
31261,UP
31262,DOWN
31263,UP
31264,UP
31265,UP
31266,UP
31267,DOWN
31268,UP
31269,UP
31270,UP
31271,UP
31272,DOWN
31273,UP
31274,DOWN
31275,DOWN
31276,DOWN
31277,DOWN
31278,DOWN
31279,UP
31280,DOWN
31281,DOWN
31282,DOWN
31283,UP
31284,UP
31285,UP
31286,UP
31287,UP
31288,DOWN
31289,DOWN
31290,UP
31291,DOWN
31292,UP
31293,DOWN
31294,DOWN
31295,UP
31296,UP
31297,UP
31298,UP
31299,UP
31300,UP
31301,UP
31302,UP
31303,UP
31304,UP
31305,UP
31306,UP
31307,UP
31308,DOWN
31309,DOWN
31310,DOWN
31311,UP
31312,UP
31313,UP
31314,UP
31315,DOWN
31316,UP
31317,DOWN
31318,UP
31319,DOWN
31320,DOWN
31321,UP
31322,UP
31323,UP
31324,UP
31325,UP
31326,UP
31327,UP
31328,DOWN
31329,UP
31330,UP
31331,UP
31332,DOWN
31333,UP
31334,UP
31335,DOWN
31336,UP
31337,UP
31338,UP
31339,DOWN
31340,UP
31341,DOWN
31342,UP
31343,DOWN
31344,UP
31345,UP
31346,UP
31347,UP
31348,UP
31349,UP
31350,DOWN
31351,UP
31352,UP
31353,UP
31354,DOWN
31355,UP
31356,UP
31357,UP
31358,DOWN
31359,UP
31360,UP
31361,UP
31362,UP
31363,DOWN
31364,UP
31365,DOWN
31366,UP
31367,DOWN
31368,UP
31369,UP
31370,UP
31371,UP
31372,UP
31373,UP
31374,UP
31375,DOWN
31376,DOWN
31377,UP
31378,DOWN
31379,DOWN
31380,DOWN
31381,UP
31382,UP
31383,UP
31384,DOWN
31385,DOWN
31386,UP
31387,UP
31388,UP
31389,UP
31390,UP
31391,UP
31392,UP
31393,DOWN
31394,UP
31395,UP
31396,UP
31397,UP
31398,DOWN
31399,DOWN
31400,UP
31401,UP
31402,DOWN
31403,DOWN
31404,UP
31405,DOWN
31406,DOWN
31407,DOWN
31408,DOWN
31409,DOWN
31410,UP
31411,DOWN
31412,UP
31413,UP
31414,DOWN
31415,UP
31416,UP
31417,UP
31418,UP
31419,DOWN
31420,UP
31421,DOWN
31422,DOWN
31423,UP
31424,UP
31425,UP
31426,UP
31427,DOWN
31428,UP
31429,UP
31430,UP
31431,DOWN
31432,UP
31433,DOWN
31434,DOWN
31435,UP
31436,DOWN
31437,DOWN
31438,UP
31439,UP
31440,DOWN
31441,UP
31442,UP
31443,DOWN
31444,UP
31445,DOWN
31446,UP
31447,UP
31448,DOWN
31449,DOWN
31450,DOWN
31451,UP
31452,UP
31453,UP
31454,DOWN
31455,DOWN
31456,UP
31457,DOWN
31458,UP
31459,UP
31460,DOWN
31461,UP
31462,UP
31463,UP
31464,UP
31465,UP
31466,UP
31467,UP
31468,UP
31469,UP
31470,UP
31471,UP
31472,DOWN
31473,DOWN
31474,DOWN
31475,UP
31476,UP
31477,UP
31478,DOWN
31479,UP
31480,UP
31481,UP
31482,UP
31483,UP
31484,DOWN
31485,UP
31486,UP
31487,UP
31488,DOWN
31489,UP
31490,UP
31491,UP
31492,UP
31493,UP
31494,UP
31495,UP
31496,UP
31497,DOWN
31498,DOWN
31499,DOWN
31500,UP
31501,UP
31502,DOWN
31503,UP
31504,UP
31505,UP
31506,UP
31507,DOWN
31508,UP
31509,UP
31510,UP
31511,UP
31512,DOWN
31513,DOWN
31514,UP
31515,UP
31516,UP
31517,DOWN
31518,UP
31519,DOWN
31520,DOWN
31521,DOWN
31522,DOWN
31523,DOWN
31524,UP
31525,DOWN
31526,DOWN
31527,UP
31528,UP
31529,DOWN
31530,DOWN
31531,DOWN
31532,DOWN
31533,UP
31534,UP
31535,DOWN
31536,DOWN
31537,DOWN
31538,DOWN
31539,UP
31540,DOWN
31541,DOWN
31542,UP
31543,UP
31544,UP
31545,UP
31546,UP
31547,UP
31548,UP
31549,UP
31550,UP
31551,UP
31552,UP
31553,UP
31554,UP
31555,DOWN
31556,UP
31557,DOWN
31558,DOWN
31559,UP
31560,DOWN
31561,UP
31562,UP
31563,UP
31564,UP
31565,DOWN
31566,DOWN
31567,UP
31568,UP
31569,UP
31570,UP
31571,DOWN
31572,DOWN
31573,UP
31574,UP
31575,UP
31576,DOWN
31577,DOWN
31578,UP
31579,DOWN
31580,DOWN
31581,DOWN
31582,UP
31583,UP
31584,DOWN
31585,UP
31586,UP
31587,DOWN
31588,UP
31589,UP
31590,DOWN
31591,UP
31592,UP
31593,DOWN
31594,DOWN
31595,UP
31596,UP
31597,UP
31598,DOWN
31599,DOWN
31600,UP
31601,UP
31602,DOWN
31603,DOWN
31604,DOWN
31605,UP
31606,UP
31607,UP
31608,DOWN
31609,DOWN
31610,UP
31611,DOWN
31612,UP
31613,UP
31614,UP
31615,DOWN
31616,DOWN
31617,UP
31618,UP
31619,DOWN
31620,UP
31621,DOWN
31622,DOWN
31623,UP
31624,UP
31625,DOWN
31626,DOWN
31627,DOWN
31628,UP
31629,UP
31630,UP
31631,DOWN
31632,DOWN
31633,DOWN
31634,UP
31635,UP
31636,DOWN
31637,UP
31638,UP
31639,DOWN
31640,UP
31641,UP
31642,UP
31643,UP
31644,UP
31645,UP
31646,DOWN
31647,UP
31648,UP
31649,UP
31650,UP
31651,DOWN
31652,UP
31653,UP
31654,UP
31655,UP
31656,UP
31657,UP
31658,UP
31659,UP
31660,UP
31661,DOWN
31662,UP
31663,UP
31664,DOWN
31665,DOWN
31666,UP
31667,DOWN
31668,DOWN
31669,DOWN
31670,UP
31671,UP
31672,UP
31673,DOWN
31674,UP
31675,DOWN
31676,UP
31677,UP
31678,UP
31679,UP
31680,DOWN
31681,UP
31682,UP
31683,UP
31684,UP
31685,UP
31686,DOWN
31687,DOWN
31688,UP
31689,UP
31690,UP
31691,UP
31692,UP
31693,DOWN
31694,DOWN
31695,UP
31696,UP
31697,DOWN
31698,UP
31699,UP
31700,DOWN
31701,DOWN
31702,DOWN
31703,UP
31704,DOWN
31705,DOWN
31706,UP
31707,UP
31708,UP
31709,UP
31710,UP
31711,UP
31712,UP
31713,DOWN
31714,UP
31715,UP
31716,DOWN
31717,DOWN
31718,UP
31719,UP
31720,DOWN
31721,DOWN
31722,UP
31723,UP
31724,UP
31725,UP
31726,DOWN
31727,DOWN
31728,UP
31729,UP
31730,UP
31731,UP
31732,DOWN
31733,DOWN
31734,UP
31735,UP
31736,DOWN
31737,UP
31738,DOWN
31739,UP
31740,UP
31741,UP
31742,UP
31743,UP
31744,DOWN
31745,DOWN
31746,UP
31747,UP
31748,DOWN
31749,UP
31750,DOWN
31751,UP
31752,DOWN
31753,DOWN
31754,UP
31755,DOWN
31756,UP
31757,UP
31758,DOWN
31759,DOWN
31760,DOWN
31761,DOWN
31762,DOWN
31763,UP
31764,UP
31765,UP
31766,DOWN
31767,UP
31768,UP
31769,UP
31770,DOWN
31771,UP
31772,UP
31773,UP
31774,DOWN
31775,DOWN
31776,UP
31777,DOWN
31778,DOWN
31779,DOWN
31780,UP
31781,UP
31782,DOWN
31783,UP
31784,DOWN
31785,UP
31786,DOWN
31787,UP
31788,UP
31789,UP
31790,UP
31791,UP
31792,UP
31793,UP
31794,DOWN
31795,UP
31796,UP
31797,UP
31798,UP
31799,DOWN
31800,UP
31801,UP
31802,UP
31803,DOWN
31804,UP
31805,DOWN
31806,DOWN
31807,UP
31808,UP
31809,DOWN
31810,DOWN
31811,UP
31812,UP
31813,UP
31814,DOWN
31815,UP
31816,UP
31817,UP
31818,UP
31819,UP
31820,DOWN
31821,UP
31822,DOWN
31823,UP
31824,UP
31825,UP
31826,DOWN
31827,UP
31828,DOWN
31829,DOWN
31830,UP
31831,DOWN
31832,UP
31833,DOWN
31834,UP
31835,UP
31836,DOWN
31837,UP
31838,DOWN
31839,DOWN
31840,DOWN
31841,UP
31842,UP
31843,DOWN
31844,UP
31845,DOWN
31846,UP
31847,UP
31848,UP
31849,UP
31850,UP
31851,UP
31852,UP
31853,UP
31854,UP
31855,UP
31856,DOWN
31857,DOWN
31858,UP
31859,DOWN
31860,UP
31861,UP
31862,DOWN
31863,UP
31864,UP
31865,DOWN
31866,UP
31867,UP
31868,DOWN
31869,UP
31870,UP
31871,UP
31872,UP
31873,UP
31874,UP
31875,UP
31876,DOWN
31877,UP
31878,UP
31879,UP
31880,UP
31881,UP
31882,UP
31883,DOWN
31884,UP
31885,UP
31886,UP
31887,UP
31888,UP
31889,DOWN
31890,DOWN
31891,DOWN
31892,DOWN
31893,DOWN
31894,DOWN
31895,UP
31896,DOWN
31897,UP
31898,UP
31899,UP
31900,UP
31901,UP
31902,UP
31903,UP
31904,DOWN
31905,UP
31906,UP
31907,UP
31908,UP
31909,UP
31910,DOWN
31911,UP
31912,UP
31913,UP
31914,UP
31915,UP
31916,DOWN
31917,DOWN
31918,UP
31919,UP
31920,DOWN
31921,UP
31922,DOWN
31923,DOWN
31924,UP
31925,UP
31926,DOWN
31927,UP
31928,UP
31929,UP
31930,UP
31931,UP
31932,UP
31933,UP
31934,DOWN
31935,UP
31936,UP
31937,UP
31938,DOWN
31939,DOWN
31940,UP
31941,DOWN
31942,UP
31943,UP
31944,UP
31945,UP
31946,UP
31947,UP
31948,DOWN
31949,DOWN
31950,DOWN
31951,UP
31952,DOWN
31953,UP
31954,UP
31955,UP
31956,DOWN
31957,UP
31958,UP
31959,UP
31960,DOWN
31961,DOWN
31962,DOWN
31963,DOWN
31964,DOWN
31965,DOWN
31966,UP
31967,UP
31968,DOWN
31969,UP
31970,UP
31971,DOWN
31972,UP
31973,UP
31974,DOWN
31975,UP
31976,UP
31977,DOWN
31978,DOWN
31979,UP
31980,DOWN
31981,UP
31982,DOWN
31983,UP
31984,UP
31985,DOWN
31986,DOWN
31987,DOWN
31988,UP
31989,UP
31990,UP
31991,DOWN
31992,UP
31993,DOWN
31994,UP
31995,DOWN
31996,UP
31997,UP
31998,DOWN
31999,UP
32000,UP
32001,UP
32002,UP
32003,UP
32004,UP
32005,UP
32006,DOWN
32007,UP
32008,UP
32009,UP
32010,DOWN
32011,UP
32012,UP
32013,DOWN
32014,UP
32015,UP
32016,UP
32017,DOWN
32018,UP
32019,UP
32020,UP
32021,UP
32022,UP
32023,UP
32024,UP
32025,DOWN
32026,UP
32027,UP
32028,DOWN
32029,UP
32030,DOWN
32031,UP
32032,DOWN
32033,DOWN
32034,UP
32035,UP
32036,DOWN
32037,DOWN
32038,DOWN
32039,DOWN
32040,DOWN
32041,UP
32042,UP
32043,DOWN
32044,UP
32045,DOWN
32046,DOWN
32047,UP
32048,UP
32049,DOWN
32050,UP
32051,DOWN
32052,DOWN
32053,UP
32054,DOWN
32055,UP
32056,UP
32057,UP
32058,UP
32059,UP
32060,DOWN
32061,UP
32062,DOWN
32063,UP
32064,UP
32065,DOWN
32066,DOWN
32067,DOWN
32068,UP
32069,UP
32070,UP
32071,UP
32072,DOWN
32073,DOWN
32074,UP
32075,UP
32076,UP
32077,UP
32078,UP
32079,DOWN
32080,DOWN
32081,UP
32082,DOWN
32083,UP
32084,DOWN
32085,DOWN
32086,DOWN
32087,DOWN
32088,DOWN
32089,UP
32090,UP
32091,UP
32092,DOWN
32093,UP
32094,DOWN
32095,UP
32096,DOWN
32097,UP
32098,UP
32099,DOWN
32100,DOWN
32101,UP
32102,DOWN
32103,UP
32104,UP
32105,UP
32106,UP
32107,UP
32108,DOWN
32109,UP
32110,UP
32111,UP
32112,UP
32113,DOWN
32114,DOWN
32115,DOWN
32116,DOWN
32117,DOWN
32118,UP
32119,DOWN
32120,UP
32121,DOWN
32122,UP
32123,UP
32124,UP
32125,UP
32126,UP
32127,UP
32128,UP
32129,DOWN
32130,UP
32131,UP
32132,UP
32133,DOWN
32134,UP
32135,DOWN
32136,DOWN
32137,DOWN
32138,UP
32139,UP
32140,UP
32141,UP
32142,DOWN
32143,UP
32144,UP
32145,DOWN
32146,UP
32147,DOWN
32148,DOWN
32149,DOWN
32150,UP
32151,DOWN
32152,UP
32153,UP
32154,DOWN
32155,UP
32156,UP
32157,UP
32158,DOWN
32159,DOWN
32160,UP
32161,UP
32162,UP
32163,DOWN
32164,UP
32165,DOWN
32166,DOWN
32167,DOWN
32168,UP
32169,UP
32170,UP
32171,DOWN
32172,UP
32173,UP
32174,DOWN
32175,UP
32176,UP
32177,DOWN
32178,UP
32179,DOWN
32180,UP
32181,UP
32182,DOWN
32183,UP
32184,UP
32185,DOWN
32186,DOWN
32187,DOWN
32188,DOWN
32189,UP
32190,DOWN
32191,UP
32192,DOWN
32193,DOWN
32194,UP
32195,DOWN
32196,DOWN
32197,UP
32198,UP
32199,UP
32200,DOWN
32201,UP
32202,UP
32203,DOWN
32204,DOWN
32205,UP
32206,DOWN
32207,DOWN
32208,UP
32209,DOWN
32210,DOWN
32211,UP
32212,UP
32213,DOWN
32214,DOWN
32215,DOWN
32216,UP
32217,UP
32218,UP
32219,UP
32220,UP
32221,UP
32222,UP
32223,UP
32224,UP
32225,DOWN
32226,UP
32227,DOWN
32228,DOWN
32229,UP
32230,DOWN
32231,DOWN
32232,UP
32233,DOWN
32234,UP
32235,DOWN
32236,UP
32237,UP
32238,UP
32239,UP
32240,UP
32241,UP
32242,DOWN
32243,UP
32244,DOWN
32245,DOWN
32246,UP
32247,DOWN
32248,DOWN
32249,UP
32250,DOWN
32251,DOWN
32252,UP
32253,DOWN
32254,UP
32255,UP
32256,UP
32257,UP
32258,UP
32259,DOWN
32260,DOWN
32261,UP
32262,UP
32263,UP
32264,DOWN
32265,UP
32266,DOWN
32267,DOWN
32268,UP
32269,UP
32270,UP
32271,DOWN
32272,DOWN
32273,UP
32274,DOWN
32275,DOWN
32276,UP
32277,UP
32278,UP
32279,UP
32280,UP
32281,UP
32282,UP
32283,DOWN
32284,DOWN
32285,DOWN
32286,DOWN
32287,DOWN
32288,UP
32289,DOWN
32290,DOWN
32291,UP
32292,UP
32293,UP
32294,UP
32295,UP
32296,DOWN
32297,UP
32298,DOWN
32299,UP
32300,UP
32301,DOWN
32302,UP
32303,UP
32304,UP
32305,DOWN
32306,UP
32307,UP
32308,UP
32309,UP
32310,DOWN
32311,UP
32312,UP
32313,DOWN
32314,DOWN
32315,DOWN
32316,DOWN
32317,DOWN
32318,UP
32319,UP
32320,UP
32321,UP
32322,DOWN
32323,UP
32324,UP
32325,UP
32326,DOWN
32327,UP
32328,UP
32329,DOWN
32330,DOWN
32331,DOWN
32332,UP
32333,DOWN
32334,DOWN
32335,DOWN
32336,UP
32337,DOWN
32338,UP
32339,UP
32340,DOWN
32341,DOWN
32342,UP
32343,UP
32344,UP
32345,DOWN
32346,UP
32347,UP
32348,DOWN
32349,UP
32350,DOWN
32351,DOWN
32352,UP
32353,UP
32354,DOWN
32355,UP
32356,UP
32357,DOWN
32358,UP
32359,DOWN
32360,UP
32361,UP
32362,UP
32363,DOWN
32364,DOWN
32365,DOWN
32366,DOWN
32367,UP
32368,DOWN
32369,DOWN
32370,UP
32371,UP
32372,DOWN
32373,UP
32374,UP
32375,DOWN
32376,DOWN
32377,DOWN
32378,DOWN
32379,DOWN
32380,DOWN
32381,UP
32382,DOWN
32383,UP
32384,UP
32385,DOWN
32386,UP
32387,DOWN
32388,DOWN
32389,UP
32390,DOWN
32391,DOWN
32392,UP
32393,DOWN
32394,UP
32395,DOWN
32396,DOWN
32397,DOWN
32398,UP
32399,UP
32400,UP
32401,UP
32402,UP
32403,UP
32404,UP
32405,UP
32406,DOWN
32407,DOWN
32408,DOWN
32409,DOWN
32410,UP
32411,UP
32412,UP
32413,DOWN
32414,UP
32415,DOWN
32416,UP
32417,UP
32418,UP
32419,DOWN
32420,DOWN
32421,UP
32422,DOWN
32423,UP
32424,UP
32425,UP
32426,DOWN
32427,UP
32428,UP
32429,UP
32430,DOWN
32431,DOWN
32432,UP
32433,UP
32434,UP
32435,DOWN
32436,UP
32437,DOWN
32438,UP
32439,UP
32440,DOWN
32441,UP
32442,UP
32443,DOWN
32444,DOWN
32445,UP
32446,DOWN
32447,UP
32448,UP
32449,UP
32450,UP
32451,UP
32452,DOWN
32453,UP
32454,UP
32455,DOWN
32456,UP
32457,UP
32458,UP
32459,UP
32460,UP
32461,UP
32462,DOWN
32463,UP
32464,UP
32465,DOWN
32466,DOWN
32467,UP
32468,DOWN
32469,DOWN
32470,UP
32471,UP
32472,DOWN
32473,DOWN
32474,UP
32475,UP
32476,UP
32477,DOWN
32478,DOWN
32479,UP
32480,DOWN
32481,UP
32482,DOWN
32483,UP
32484,DOWN
32485,UP
32486,UP
32487,UP
32488,UP
32489,UP
32490,UP
32491,UP
32492,UP
32493,UP
32494,UP
32495,UP
32496,UP
32497,UP
32498,UP
32499,UP
32500,DOWN
32501,UP
32502,DOWN
32503,UP
32504,UP
32505,DOWN
32506,DOWN
32507,UP
32508,UP
32509,DOWN
32510,UP
32511,UP
32512,DOWN
32513,UP
32514,DOWN
32515,UP
32516,UP
32517,DOWN
32518,UP
32519,UP
32520,DOWN
32521,UP
32522,UP
32523,UP
32524,UP
32525,UP
32526,UP
32527,UP
32528,UP
32529,UP
32530,UP
32531,DOWN
32532,UP
32533,UP
32534,UP
32535,UP
32536,UP
32537,UP
32538,DOWN
32539,DOWN
32540,UP
32541,DOWN
32542,UP
32543,UP
32544,DOWN
32545,UP
32546,UP
32547,DOWN
32548,DOWN
32549,UP
32550,DOWN
32551,DOWN
32552,UP
32553,UP
32554,DOWN
32555,UP
32556,DOWN
32557,DOWN
32558,UP
32559,UP
32560,DOWN
32561,UP
32562,UP
32563,DOWN
32564,DOWN
32565,UP
32566,DOWN
32567,UP
32568,UP
32569,UP
32570,DOWN
32571,UP
32572,UP
32573,DOWN
32574,DOWN
32575,UP
32576,DOWN
32577,UP
32578,UP
32579,UP
32580,UP
32581,UP
32582,DOWN
32583,UP
32584,UP
32585,DOWN
32586,DOWN
32587,UP
32588,UP
32589,UP
32590,UP
32591,UP
32592,UP
32593,UP
32594,DOWN
32595,UP
32596,UP
32597,UP
32598,UP
32599,DOWN
32600,UP
32601,UP
32602,UP
32603,UP
32604,DOWN
32605,UP
32606,UP
32607,DOWN
32608,UP
32609,DOWN
32610,DOWN
32611,UP
32612,UP
32613,UP
32614,UP
32615,UP
32616,DOWN
32617,DOWN
32618,DOWN
32619,DOWN
32620,DOWN
32621,DOWN
32622,UP
32623,UP
32624,UP
32625,UP
32626,UP
32627,UP
32628,UP
32629,DOWN
32630,UP
32631,UP
32632,UP
32633,UP
32634,UP
32635,UP
32636,DOWN
32637,UP
32638,DOWN
32639,DOWN
32640,DOWN
32641,UP
32642,UP
32643,DOWN
32644,UP
32645,UP
32646,UP
32647,DOWN
32648,DOWN
32649,UP
32650,UP
32651,UP
32652,UP
32653,DOWN
32654,UP
32655,UP
32656,DOWN
32657,DOWN
32658,DOWN
32659,DOWN
32660,DOWN
32661,UP
32662,UP
32663,UP
32664,UP
32665,DOWN
32666,DOWN
32667,DOWN
32668,UP
32669,UP
32670,UP
32671,UP
32672,UP
32673,DOWN
32674,DOWN
32675,UP
32676,DOWN
32677,DOWN
32678,UP
32679,DOWN
32680,UP
32681,DOWN
32682,UP
32683,DOWN
32684,DOWN
32685,UP
32686,DOWN
32687,UP
32688,DOWN
32689,DOWN
32690,UP
32691,DOWN
32692,UP
32693,UP
32694,UP
32695,DOWN
32696,DOWN
32697,DOWN
32698,DOWN
32699,DOWN
32700,UP
32701,UP
32702,UP
32703,DOWN
32704,UP
32705,DOWN
32706,DOWN
32707,DOWN
32708,UP
32709,UP
32710,UP
32711,DOWN
32712,UP
32713,DOWN
32714,DOWN
32715,UP
32716,UP
32717,UP
32718,DOWN
32719,DOWN
32720,UP
32721,DOWN
32722,DOWN
32723,DOWN
32724,DOWN
32725,DOWN
32726,UP
32727,DOWN
32728,UP
32729,UP
32730,UP
32731,UP
32732,DOWN
32733,DOWN
32734,UP
32735,DOWN
32736,DOWN
32737,UP
32738,DOWN
32739,DOWN
32740,UP
32741,UP
32742,UP
32743,UP
32744,UP
32745,UP
32746,DOWN
32747,DOWN
32748,DOWN
32749,UP
32750,DOWN
32751,UP
32752,DOWN
32753,DOWN
32754,UP
32755,UP
32756,DOWN
32757,UP
32758,DOWN
32759,UP
32760,DOWN
32761,UP
32762,DOWN
32763,UP
32764,UP
32765,DOWN
32766,DOWN
32767,UP
32768,DOWN
32769,DOWN
32770,UP
32771,UP
32772,UP
32773,DOWN
32774,UP
32775,DOWN
32776,UP
32777,DOWN
32778,DOWN
32779,UP
32780,UP
32781,UP
32782,DOWN
32783,UP
32784,UP
32785,UP
32786,UP
32787,UP
32788,UP
32789,UP
32790,DOWN
32791,DOWN
32792,UP
32793,UP
32794,DOWN
32795,UP
32796,DOWN
32797,UP
32798,DOWN
32799,UP
32800,UP
32801,UP
32802,DOWN
32803,DOWN
32804,UP
32805,UP
32806,UP
32807,UP
32808,UP
32809,UP
32810,DOWN
32811,UP
32812,UP
32813,UP
32814,DOWN
32815,UP
32816,UP
32817,UP
32818,UP
32819,UP
32820,UP
32821,UP
32822,UP
32823,DOWN
32824,DOWN
32825,DOWN
32826,DOWN
32827,UP
32828,DOWN
32829,DOWN
32830,UP
32831,UP
32832,DOWN
32833,DOWN
32834,DOWN
32835,UP
32836,DOWN
32837,DOWN
32838,DOWN
32839,UP
32840,UP
32841,UP
32842,DOWN
32843,DOWN
32844,DOWN
32845,DOWN
32846,UP
32847,UP
32848,DOWN
32849,UP
32850,UP
32851,UP
32852,UP
32853,UP
32854,UP
32855,UP
32856,DOWN
32857,UP
32858,UP
32859,UP
32860,UP
32861,DOWN
32862,DOWN
32863,UP
32864,UP
32865,DOWN
32866,UP
32867,UP
32868,UP
32869,DOWN
32870,DOWN
32871,DOWN
32872,DOWN
32873,UP
32874,UP
32875,UP
32876,UP
32877,UP
32878,UP
32879,DOWN
32880,UP
32881,UP
32882,UP
32883,DOWN
32884,DOWN
32885,UP
32886,DOWN
32887,UP
32888,DOWN
32889,UP
32890,UP
32891,DOWN
32892,UP
32893,UP
32894,DOWN
32895,DOWN
32896,UP
32897,UP
32898,UP
32899,UP
32900,DOWN
32901,UP
32902,UP
32903,UP
32904,DOWN
32905,DOWN
32906,DOWN
32907,UP
32908,DOWN
32909,DOWN
32910,DOWN
32911,UP
32912,UP
32913,UP
32914,UP
32915,UP
32916,DOWN
32917,UP
32918,DOWN
32919,UP
32920,UP
32921,UP
32922,UP
32923,DOWN
32924,UP
32925,UP
32926,UP
32927,UP
32928,UP
32929,UP
32930,UP
32931,DOWN
32932,UP
32933,UP
32934,UP
32935,DOWN
32936,UP
32937,DOWN
32938,DOWN
32939,DOWN
32940,DOWN
32941,UP
32942,DOWN
32943,UP
32944,DOWN
32945,UP
32946,UP
32947,DOWN
32948,UP
32949,UP
32950,DOWN
32951,UP
32952,UP
32953,DOWN
32954,UP
32955,DOWN
32956,DOWN
32957,DOWN
32958,UP
32959,UP
32960,DOWN
32961,UP
32962,DOWN
32963,UP
32964,UP
32965,UP
32966,UP
32967,UP
32968,UP
32969,UP
32970,UP
32971,UP
32972,DOWN
32973,DOWN
32974,UP
32975,UP
32976,DOWN
32977,DOWN
32978,UP
32979,UP
32980,UP
32981,UP
32982,DOWN
32983,UP
32984,UP
32985,UP
32986,DOWN
32987,DOWN
32988,DOWN
32989,UP
32990,UP
32991,UP
32992,UP
32993,DOWN
32994,UP
32995,DOWN
32996,UP
32997,UP
32998,UP
32999,DOWN
33000,UP
33001,UP
33002,DOWN
33003,UP
33004,UP
33005,UP
33006,UP
33007,UP
33008,DOWN
33009,DOWN
33010,UP
33011,UP
33012,UP
33013,UP
33014,UP
33015,UP
33016,DOWN
33017,UP
33018,DOWN
33019,UP
33020,UP
33021,UP
33022,DOWN
33023,DOWN
33024,DOWN
33025,UP
33026,UP
33027,UP
33028,DOWN
33029,UP
33030,UP
33031,DOWN
33032,UP
33033,UP
33034,UP
33035,DOWN
33036,UP
33037,UP
33038,DOWN
33039,UP
33040,UP
33041,UP
33042,UP
33043,DOWN
33044,UP
33045,UP
33046,DOWN
33047,UP
33048,DOWN
33049,UP
33050,DOWN
33051,DOWN
33052,DOWN
33053,UP
33054,UP
33055,UP
33056,UP
33057,UP
33058,DOWN
33059,UP
33060,UP
33061,UP
33062,DOWN
33063,UP
33064,DOWN
33065,DOWN
33066,UP
33067,UP
33068,DOWN
33069,UP
33070,UP
33071,UP
33072,DOWN
33073,UP
33074,DOWN
33075,UP
33076,DOWN
33077,UP
33078,DOWN
33079,DOWN
33080,UP
33081,UP
33082,UP
33083,UP
33084,DOWN
33085,UP
33086,UP
33087,DOWN
33088,UP
33089,UP
33090,UP
33091,UP
33092,DOWN
33093,DOWN
33094,UP
33095,DOWN
33096,UP
33097,DOWN
33098,UP
33099,UP
33100,DOWN
33101,UP
33102,UP
33103,UP
33104,UP
33105,DOWN
33106,UP
33107,UP
33108,DOWN
33109,UP
33110,UP
33111,DOWN
33112,UP
33113,UP
33114,DOWN
33115,DOWN
33116,UP
33117,DOWN
33118,DOWN
33119,DOWN
33120,UP
33121,DOWN
33122,DOWN
33123,UP
33124,DOWN
33125,UP
33126,UP
33127,DOWN
33128,UP
33129,DOWN
33130,DOWN
33131,DOWN
33132,DOWN
33133,UP
33134,UP
33135,UP
33136,DOWN
33137,UP
33138,UP
33139,DOWN
33140,DOWN
33141,DOWN
33142,DOWN
33143,UP
33144,UP
33145,UP
33146,DOWN
33147,UP
33148,UP
33149,UP
33150,DOWN
33151,UP
33152,UP
33153,DOWN
33154,DOWN
33155,DOWN
33156,UP
33157,DOWN
33158,UP
33159,UP
33160,UP
33161,UP
33162,UP
33163,UP
33164,DOWN
33165,UP
33166,DOWN
33167,UP
33168,DOWN
33169,UP
33170,UP
33171,UP
33172,UP
33173,DOWN
33174,DOWN
33175,UP
33176,UP
33177,DOWN
33178,UP
33179,UP
33180,UP
33181,UP
33182,UP
33183,UP
33184,DOWN
33185,UP
33186,UP
33187,UP
33188,UP
33189,UP
33190,UP
33191,DOWN
33192,DOWN
33193,UP
33194,UP
33195,UP
33196,DOWN
33197,UP
33198,UP
33199,DOWN
33200,UP
33201,UP
33202,UP
33203,DOWN
33204,UP
33205,DOWN
33206,DOWN
33207,UP
33208,UP
33209,UP
33210,UP
33211,UP
33212,UP
33213,UP
33214,DOWN
33215,DOWN
33216,UP
33217,DOWN
33218,UP
33219,UP
33220,DOWN
33221,DOWN
33222,UP
33223,UP
33224,UP
33225,UP
33226,DOWN
33227,UP
33228,UP
33229,DOWN
33230,UP
33231,DOWN
33232,DOWN
33233,UP
33234,UP
33235,DOWN
33236,UP
33237,DOWN
33238,UP
33239,UP
33240,UP
33241,UP
33242,UP
33243,UP
33244,UP
33245,UP
33246,UP
33247,UP
33248,UP
33249,UP
33250,DOWN
33251,UP
33252,UP
33253,DOWN
33254,UP
33255,UP
33256,UP
33257,DOWN
33258,UP
33259,DOWN
33260,UP
33261,UP
33262,DOWN
33263,UP
33264,UP
33265,UP
33266,DOWN
33267,DOWN
33268,UP
33269,DOWN
33270,UP
33271,DOWN
33272,UP
33273,UP
33274,DOWN
33275,DOWN
33276,UP
33277,DOWN
33278,DOWN
33279,UP
33280,UP
33281,DOWN
33282,UP
33283,DOWN
33284,DOWN
33285,UP
33286,UP
33287,UP
33288,UP
33289,DOWN
33290,UP
33291,DOWN
33292,UP
33293,DOWN
33294,UP
33295,UP
33296,UP
33297,UP
33298,DOWN
33299,DOWN
33300,DOWN
33301,DOWN
33302,UP
33303,UP
33304,UP
33305,UP
33306,DOWN
33307,DOWN
33308,UP
33309,DOWN
33310,UP
33311,UP
33312,UP
33313,UP
33314,DOWN
33315,UP
33316,UP
33317,DOWN
33318,UP
33319,DOWN
33320,UP
33321,UP
33322,UP
33323,UP
33324,UP
33325,DOWN
33326,UP
33327,UP
33328,DOWN
33329,DOWN
33330,DOWN
33331,DOWN
33332,DOWN
33333,UP
33334,DOWN
33335,DOWN
33336,UP
33337,UP
33338,UP
33339,UP
33340,UP
33341,UP
33342,UP
33343,UP
33344,UP
33345,DOWN
33346,UP
33347,UP
33348,UP
33349,DOWN
33350,UP
33351,UP
33352,UP
33353,DOWN
33354,UP
33355,DOWN
33356,UP
33357,UP
33358,UP
33359,UP
33360,UP
33361,UP
33362,UP
33363,UP
33364,DOWN
33365,UP
33366,UP
33367,UP
33368,UP
33369,DOWN
33370,UP
33371,UP
33372,DOWN
33373,UP
33374,DOWN
33375,DOWN
33376,DOWN
33377,UP
33378,UP
33379,UP
33380,UP
33381,UP
33382,UP
33383,DOWN
33384,DOWN
33385,DOWN
33386,UP
33387,UP
33388,DOWN
33389,DOWN
33390,DOWN
33391,DOWN
33392,UP
33393,UP
33394,UP
33395,UP
33396,UP
33397,DOWN
33398,DOWN
33399,DOWN
33400,UP
33401,DOWN
33402,UP
33403,UP
33404,UP
33405,UP
33406,DOWN
33407,UP
33408,DOWN
33409,UP
33410,UP
33411,UP
33412,UP
33413,UP
33414,DOWN
33415,DOWN
33416,DOWN
33417,DOWN
33418,UP
33419,DOWN
33420,UP
33421,UP
33422,UP
33423,DOWN
33424,DOWN
33425,UP
33426,UP
33427,UP
33428,UP
33429,UP
33430,DOWN
33431,UP
33432,DOWN
33433,DOWN
33434,DOWN
33435,DOWN
33436,UP
33437,DOWN
33438,UP
33439,UP
33440,DOWN
33441,UP
33442,UP
33443,UP
33444,DOWN
33445,DOWN
33446,UP
33447,DOWN
33448,UP
33449,DOWN
33450,DOWN
33451,UP
33452,UP
33453,UP
33454,DOWN
33455,DOWN
33456,UP
33457,UP
33458,DOWN
33459,DOWN
33460,DOWN
33461,DOWN
33462,DOWN
33463,DOWN
33464,DOWN
33465,UP
33466,DOWN
33467,DOWN
33468,UP
33469,UP
33470,UP
33471,DOWN
33472,UP
33473,DOWN
33474,DOWN
33475,UP
33476,UP
33477,UP
33478,DOWN
33479,UP
33480,UP
33481,UP
33482,DOWN
33483,UP
33484,UP
33485,DOWN
33486,UP
33487,DOWN
33488,UP
33489,DOWN
33490,DOWN
33491,UP
33492,DOWN
33493,UP
33494,DOWN
33495,DOWN
33496,UP
33497,DOWN
33498,DOWN
33499,UP
33500,UP
33501,UP
33502,UP
33503,UP
33504,UP
33505,UP
33506,UP
33507,UP
33508,UP
33509,UP
33510,DOWN
33511,UP
33512,UP
33513,UP
33514,DOWN
33515,UP
33516,UP
33517,DOWN
33518,DOWN
33519,UP
33520,UP
33521,UP
33522,UP
33523,DOWN
33524,DOWN
33525,UP
33526,DOWN
33527,UP
33528,DOWN
33529,UP
33530,DOWN
33531,UP
33532,UP
33533,UP
33534,UP
33535,UP
33536,UP
33537,UP
33538,DOWN
33539,UP
33540,UP
33541,DOWN
33542,DOWN
33543,DOWN
33544,DOWN
33545,UP
33546,UP
33547,DOWN
33548,UP
33549,UP
33550,UP
33551,DOWN
33552,UP
33553,UP
33554,UP
33555,UP
33556,DOWN
33557,DOWN
33558,DOWN
33559,DOWN
33560,DOWN
33561,UP
33562,DOWN
33563,UP
33564,UP
33565,UP
33566,UP
33567,UP
33568,UP
33569,DOWN
33570,UP
33571,DOWN
33572,UP
33573,UP
33574,UP
33575,UP
33576,UP
33577,UP
33578,UP
33579,DOWN
33580,UP
33581,DOWN
33582,UP
33583,UP
33584,UP
33585,UP
33586,UP
33587,DOWN
33588,UP
33589,UP
33590,UP
33591,DOWN
33592,UP
33593,DOWN
33594,DOWN
33595,UP
33596,DOWN
33597,UP
33598,DOWN
33599,DOWN
33600,UP
33601,UP
33602,UP
33603,DOWN
33604,UP
33605,UP
33606,UP
33607,DOWN
33608,DOWN
33609,UP
33610,UP
33611,DOWN
33612,UP
33613,DOWN
33614,UP
33615,DOWN
33616,UP
33617,DOWN
33618,DOWN
33619,UP
33620,UP
33621,UP
33622,DOWN
33623,UP
33624,UP
33625,UP
33626,DOWN
33627,UP
33628,UP
33629,DOWN
33630,UP
33631,DOWN
33632,DOWN
33633,UP
33634,DOWN
33635,UP
33636,DOWN
33637,UP
33638,UP
33639,DOWN
33640,UP
33641,UP
33642,DOWN
33643,UP
33644,DOWN
33645,DOWN
33646,UP
33647,DOWN
33648,DOWN
33649,DOWN
33650,UP
33651,UP
33652,UP
33653,UP
33654,DOWN
33655,UP
33656,UP
33657,UP
33658,UP
33659,UP
33660,UP
33661,UP
33662,DOWN
33663,UP
33664,DOWN
33665,DOWN
33666,DOWN
33667,UP
33668,DOWN
33669,UP
33670,UP
33671,UP
33672,DOWN
33673,UP
33674,UP
33675,UP
33676,UP
33677,UP
33678,DOWN
33679,DOWN
33680,UP
33681,DOWN
33682,UP
33683,UP
33684,DOWN
33685,UP
33686,DOWN
33687,UP
33688,DOWN
33689,DOWN
33690,UP
33691,DOWN
33692,UP
33693,UP
33694,UP
33695,DOWN
33696,DOWN
33697,UP
33698,DOWN
33699,UP
33700,UP
33701,UP
33702,UP
33703,DOWN
33704,UP
33705,UP
33706,DOWN
33707,UP
33708,UP
33709,UP
33710,UP
33711,UP
33712,UP
33713,UP
33714,DOWN
33715,UP
33716,UP
33717,DOWN
33718,UP
33719,DOWN
33720,UP
33721,UP
33722,DOWN
33723,UP
33724,UP
33725,UP
33726,DOWN
33727,DOWN
33728,UP
33729,UP
33730,UP
33731,DOWN
33732,UP
33733,DOWN
33734,UP
33735,DOWN
33736,UP
33737,UP
33738,UP
33739,DOWN
33740,UP
33741,UP
33742,UP
33743,UP
33744,UP
33745,DOWN
33746,UP
33747,UP
33748,UP
33749,UP
33750,UP
33751,UP
33752,UP
33753,DOWN
33754,UP
33755,UP
33756,UP
33757,UP
33758,UP
33759,UP
33760,DOWN
33761,UP
33762,DOWN
33763,UP
33764,DOWN
33765,DOWN
33766,UP
33767,UP
33768,UP
33769,UP
33770,UP
33771,UP
33772,UP
33773,DOWN
33774,DOWN
33775,UP
33776,UP
33777,UP
33778,DOWN
33779,UP
33780,UP
33781,DOWN
33782,UP
33783,UP
33784,DOWN
33785,UP
33786,UP
33787,DOWN
33788,DOWN
33789,DOWN
33790,UP
33791,DOWN
33792,DOWN
33793,DOWN
33794,UP
33795,DOWN
33796,UP
33797,UP
33798,UP
33799,UP
33800,UP
33801,DOWN
33802,DOWN
33803,UP
33804,UP
33805,UP
33806,UP
33807,UP
33808,DOWN
33809,DOWN
33810,DOWN
33811,DOWN
33812,UP
33813,UP
33814,DOWN
33815,UP
33816,UP
33817,UP
33818,UP
33819,UP
33820,UP
33821,UP
33822,UP
33823,DOWN
33824,UP
33825,DOWN
33826,DOWN
33827,UP
33828,UP
33829,UP
33830,DOWN
33831,DOWN
33832,UP
33833,UP
33834,UP
33835,UP
33836,DOWN
33837,UP
33838,UP
33839,UP
33840,UP
33841,DOWN
33842,DOWN
33843,DOWN
33844,DOWN
33845,UP
33846,UP
33847,UP
33848,DOWN
33849,UP
33850,UP
33851,UP
33852,DOWN
33853,DOWN
33854,UP
33855,UP
33856,UP
33857,UP
33858,UP
33859,UP
33860,UP
33861,UP
33862,DOWN
33863,UP
33864,UP
33865,DOWN
33866,UP
33867,DOWN
33868,UP
33869,DOWN
33870,DOWN
33871,UP
33872,UP
33873,DOWN
33874,UP
33875,UP
33876,DOWN
33877,DOWN
33878,UP
33879,DOWN
33880,DOWN
33881,DOWN
33882,DOWN
33883,UP
33884,DOWN
33885,UP
33886,UP
33887,DOWN
33888,DOWN
33889,UP
33890,UP
33891,UP
33892,DOWN
33893,UP
33894,UP
33895,UP
33896,UP
33897,DOWN
33898,DOWN
33899,DOWN
33900,UP
33901,UP
33902,UP
33903,DOWN
33904,UP
33905,UP
33906,UP
33907,UP
33908,UP
33909,UP
33910,DOWN
33911,UP
33912,UP
33913,UP
33914,UP
33915,DOWN
33916,UP
33917,UP
33918,DOWN
33919,UP
33920,DOWN
33921,UP
33922,UP
33923,DOWN
33924,DOWN
33925,UP
33926,UP
33927,UP
33928,UP
33929,UP
33930,DOWN
33931,UP
33932,DOWN
33933,DOWN
33934,UP
33935,DOWN
33936,UP
33937,DOWN
33938,DOWN
33939,UP
33940,UP
33941,DOWN
33942,DOWN
33943,UP
33944,DOWN
33945,UP
33946,DOWN
33947,DOWN
33948,UP
33949,DOWN
33950,UP
33951,DOWN
33952,UP
33953,UP
33954,DOWN
33955,DOWN
33956,DOWN
33957,UP
33958,UP
33959,DOWN
33960,UP
33961,UP
33962,DOWN
33963,DOWN
33964,UP
33965,UP
33966,UP
33967,UP
33968,DOWN
33969,UP
33970,DOWN
33971,UP
33972,DOWN
33973,UP
33974,DOWN
33975,UP
33976,DOWN
33977,DOWN
33978,DOWN
33979,UP
33980,UP
33981,UP
33982,UP
33983,UP
33984,UP
33985,DOWN
33986,UP
33987,UP
33988,UP
33989,UP
33990,DOWN
33991,UP
33992,UP
33993,DOWN
33994,UP
33995,UP
33996,UP
33997,UP
33998,UP
33999,DOWN
34000,DOWN
34001,DOWN
34002,UP
34003,DOWN
34004,UP
34005,UP
34006,UP
34007,UP
34008,DOWN
34009,UP
34010,UP
34011,UP
34012,UP
34013,DOWN
34014,UP
34015,UP
34016,UP
34017,DOWN
34018,DOWN
34019,UP
34020,DOWN
34021,DOWN
34022,DOWN
34023,DOWN
34024,DOWN
34025,UP
34026,DOWN
34027,UP
34028,DOWN
34029,UP
34030,UP
34031,DOWN
34032,UP
34033,DOWN
34034,UP
34035,UP
34036,UP
34037,DOWN
34038,DOWN
34039,DOWN
34040,UP
34041,UP
34042,UP
34043,UP
34044,DOWN
34045,UP
34046,DOWN
34047,UP
34048,DOWN
34049,UP
34050,DOWN
34051,DOWN
34052,DOWN
34053,UP
34054,DOWN
34055,UP
34056,DOWN
34057,UP
34058,UP
34059,DOWN
34060,UP
34061,UP
34062,DOWN
34063,UP
34064,UP
34065,DOWN
34066,UP
34067,DOWN
34068,UP
34069,UP
34070,DOWN
34071,UP
34072,DOWN
34073,DOWN
34074,DOWN
34075,DOWN
34076,UP
34077,DOWN
34078,DOWN
34079,UP
34080,UP
34081,DOWN
34082,UP
34083,UP
34084,DOWN
34085,DOWN
34086,UP
34087,UP
34088,UP
34089,DOWN
34090,DOWN
34091,UP
34092,UP
34093,UP
34094,UP
34095,UP
34096,UP
34097,DOWN
34098,UP
34099,UP
34100,DOWN
34101,DOWN
34102,UP
34103,DOWN
34104,UP
34105,UP
34106,UP
34107,DOWN
34108,UP
34109,UP
34110,UP
34111,UP
34112,UP
34113,DOWN
34114,UP
34115,UP
34116,UP
34117,DOWN
34118,DOWN
34119,UP
34120,UP
34121,UP
34122,UP
34123,DOWN
34124,UP
34125,DOWN
34126,UP
34127,DOWN
34128,UP
34129,UP
34130,DOWN
34131,DOWN
34132,UP
34133,DOWN
34134,UP
34135,DOWN
34136,UP
34137,UP
34138,UP
34139,DOWN
34140,DOWN
34141,UP
34142,UP
34143,DOWN
34144,UP
34145,UP
34146,DOWN
34147,UP
34148,UP
34149,UP
34150,UP
34151,DOWN
34152,DOWN
34153,DOWN
34154,UP
34155,DOWN
34156,UP
34157,DOWN
34158,DOWN
34159,DOWN
34160,UP
34161,DOWN
34162,UP
34163,DOWN
34164,UP
34165,DOWN
34166,UP
34167,UP
34168,UP
34169,DOWN
34170,UP
34171,DOWN
34172,UP
34173,UP
34174,UP
34175,UP
34176,DOWN
34177,UP
34178,DOWN
34179,DOWN
34180,DOWN
34181,DOWN
34182,DOWN
34183,UP
34184,UP
34185,UP
34186,DOWN
34187,UP
34188,DOWN
34189,DOWN
34190,UP
34191,UP
34192,UP
34193,UP
34194,DOWN
34195,UP
34196,UP
34197,DOWN
34198,UP
34199,UP
34200,UP
34201,UP
34202,UP
34203,UP
34204,UP
34205,UP
34206,UP
34207,DOWN
34208,UP
34209,DOWN
34210,UP
34211,DOWN
34212,DOWN
34213,DOWN
34214,DOWN
34215,DOWN
34216,UP
34217,UP
34218,UP
34219,DOWN
34220,DOWN
34221,UP
34222,UP
34223,UP
34224,UP
34225,UP
34226,UP
34227,UP
34228,UP
34229,UP
34230,UP
34231,UP
34232,UP
34233,UP
34234,UP
34235,UP
34236,UP
34237,UP
34238,UP
34239,UP
34240,UP
34241,UP
34242,UP
34243,UP
34244,DOWN
34245,DOWN
34246,DOWN
34247,DOWN
34248,UP
34249,UP
34250,UP
34251,UP
34252,DOWN
34253,DOWN
34254,UP
34255,UP
34256,UP
34257,UP
34258,DOWN
34259,UP
34260,UP
34261,UP
34262,DOWN
34263,DOWN
34264,UP
34265,UP
34266,UP
34267,UP
34268,DOWN
34269,DOWN
34270,DOWN
34271,UP
34272,UP
34273,UP
34274,UP
34275,UP
34276,UP
34277,UP
34278,UP
34279,UP
34280,DOWN
34281,UP
34282,UP
34283,DOWN
34284,UP
34285,UP
34286,DOWN
34287,UP
34288,UP
34289,DOWN
34290,UP
34291,DOWN
34292,UP
34293,UP
34294,DOWN
34295,DOWN
34296,DOWN
34297,DOWN
34298,UP
34299,UP
34300,UP
34301,DOWN
34302,UP
34303,UP
34304,UP
34305,UP
34306,UP
34307,UP
34308,UP
34309,UP
34310,UP
34311,DOWN
34312,DOWN
34313,UP
34314,UP
34315,UP
34316,DOWN
34317,UP
34318,UP
34319,DOWN
34320,UP
34321,UP
34322,UP
34323,UP
34324,DOWN
34325,DOWN
34326,UP
34327,DOWN
34328,DOWN
34329,UP
34330,UP
34331,UP
34332,DOWN
34333,DOWN
34334,UP
34335,UP
34336,UP
34337,DOWN
34338,DOWN
34339,UP
34340,DOWN
34341,UP
34342,UP
34343,DOWN
34344,DOWN
34345,DOWN
34346,UP
34347,UP
34348,UP
34349,DOWN
34350,DOWN
34351,UP
34352,UP
34353,DOWN
34354,UP
34355,DOWN
34356,DOWN
34357,UP
34358,DOWN
34359,UP
34360,UP
34361,UP
34362,DOWN
34363,DOWN
34364,DOWN
34365,UP
34366,DOWN
34367,DOWN
34368,UP
34369,UP
34370,UP
34371,UP
34372,UP
34373,DOWN
34374,UP
34375,UP
34376,UP
34377,UP
34378,UP
34379,DOWN
34380,UP
34381,UP
34382,DOWN
34383,UP
34384,UP
34385,UP
34386,UP
34387,UP
34388,DOWN
34389,DOWN
34390,DOWN
34391,UP
34392,UP
34393,DOWN
34394,UP
34395,DOWN
34396,DOWN
34397,DOWN
34398,UP
34399,UP
34400,DOWN
34401,DOWN
34402,DOWN
34403,UP
34404,DOWN
34405,UP
34406,UP
34407,DOWN
34408,DOWN
34409,UP
34410,UP
34411,UP
34412,UP
34413,UP
34414,DOWN
34415,DOWN
34416,UP
34417,UP
34418,DOWN
34419,UP
34420,UP
34421,UP
34422,DOWN
34423,UP
34424,DOWN
34425,UP
34426,DOWN
34427,UP
34428,UP
34429,UP
34430,UP
34431,UP
34432,UP
34433,UP
34434,UP
34435,UP
34436,DOWN
34437,UP
34438,UP
34439,DOWN
34440,UP
34441,DOWN
34442,DOWN
34443,DOWN
34444,UP
34445,DOWN
34446,UP
34447,DOWN
34448,UP
34449,DOWN
34450,UP
34451,UP
34452,UP
34453,DOWN
34454,DOWN
34455,UP
34456,DOWN
34457,DOWN
34458,DOWN
34459,UP
34460,UP
34461,DOWN
34462,UP
34463,UP
34464,DOWN
34465,DOWN
34466,UP
34467,DOWN
34468,DOWN
34469,DOWN
34470,UP
34471,UP
34472,UP
34473,UP
34474,UP
34475,UP
34476,UP
34477,DOWN
34478,UP
34479,DOWN
34480,UP
34481,UP
34482,DOWN
34483,UP
34484,DOWN
34485,UP
34486,UP
34487,UP
34488,DOWN
34489,DOWN
34490,UP
34491,DOWN
34492,DOWN
34493,UP
34494,UP
34495,UP
34496,UP
34497,UP
34498,UP
34499,DOWN
34500,UP
34501,UP
34502,UP
34503,DOWN
34504,UP
34505,DOWN
34506,UP
34507,UP
34508,UP
34509,DOWN
34510,UP
34511,UP
34512,UP
34513,UP
34514,DOWN
34515,UP
34516,UP
34517,UP
34518,DOWN
34519,DOWN
34520,UP
34521,UP
34522,DOWN
34523,UP
34524,DOWN
34525,DOWN
34526,UP
34527,UP
34528,UP
34529,UP
34530,UP
34531,UP
34532,DOWN
34533,DOWN
34534,DOWN
34535,UP
34536,UP
34537,DOWN
34538,DOWN
34539,UP
34540,UP
34541,DOWN
34542,UP
34543,DOWN
34544,UP
34545,DOWN
34546,UP
34547,UP
34548,UP
34549,UP
34550,DOWN
34551,UP
34552,DOWN
34553,DOWN
34554,DOWN
34555,UP
34556,DOWN
34557,UP
34558,UP
34559,DOWN
34560,DOWN
34561,DOWN
34562,UP
34563,DOWN
34564,UP
34565,UP
34566,UP
34567,DOWN
34568,UP
34569,UP
34570,DOWN
34571,UP
34572,UP
34573,UP
34574,UP
34575,DOWN
34576,UP
34577,UP
34578,UP
34579,UP
34580,UP
34581,UP
34582,DOWN
34583,DOWN
34584,UP
34585,UP
34586,UP
34587,UP
34588,DOWN
34589,UP
34590,DOWN
34591,DOWN
34592,UP
34593,DOWN
34594,DOWN
34595,UP
34596,DOWN
34597,UP
34598,DOWN
34599,DOWN
34600,UP
34601,UP
34602,DOWN
34603,UP
34604,DOWN
34605,UP
34606,UP
34607,UP
34608,UP
34609,UP
34610,UP
34611,UP
34612,UP
34613,UP
34614,DOWN
34615,DOWN
34616,UP
34617,UP
34618,UP
34619,UP
34620,DOWN
34621,UP
34622,UP
34623,UP
34624,UP
34625,UP
34626,UP
34627,UP
34628,UP
34629,UP
34630,UP
34631,DOWN
34632,DOWN
34633,UP
34634,UP
34635,DOWN
34636,DOWN
34637,DOWN
34638,UP
34639,UP
34640,UP
34641,UP
34642,DOWN
34643,DOWN
34644,UP
34645,DOWN
34646,UP
34647,UP
34648,DOWN
34649,DOWN
34650,UP
34651,DOWN
34652,UP
34653,DOWN
34654,UP
34655,DOWN
34656,DOWN
34657,DOWN
34658,UP
34659,DOWN
34660,UP
34661,DOWN
34662,DOWN
34663,UP
34664,UP
34665,UP
34666,DOWN
34667,UP
34668,UP
34669,UP
34670,UP
34671,DOWN
34672,DOWN
34673,UP
34674,DOWN
34675,UP
34676,UP
34677,UP
34678,DOWN
34679,DOWN
34680,DOWN
34681,DOWN
34682,UP
34683,DOWN
34684,UP
34685,DOWN
34686,DOWN
34687,UP
34688,DOWN
34689,UP
34690,UP
34691,UP
34692,DOWN
34693,UP
34694,DOWN
34695,DOWN
34696,DOWN
34697,UP
34698,DOWN
34699,UP
34700,UP
34701,DOWN
34702,UP
34703,UP
34704,UP
34705,UP
34706,DOWN
34707,UP
34708,UP
34709,UP
34710,UP
34711,DOWN
34712,UP
34713,DOWN
34714,UP
34715,UP
34716,DOWN
34717,DOWN
34718,DOWN
34719,UP
34720,UP
34721,DOWN
34722,UP
34723,UP
34724,DOWN
34725,UP
34726,UP
34727,DOWN
34728,UP
34729,DOWN
34730,DOWN
34731,DOWN
34732,UP
34733,UP
34734,UP
34735,UP
34736,UP
34737,UP
34738,UP
34739,UP
34740,DOWN
34741,UP
34742,DOWN
34743,UP
34744,UP
34745,UP
34746,DOWN
34747,UP
34748,UP
34749,UP
34750,UP
34751,DOWN
34752,UP
34753,DOWN
34754,DOWN
34755,UP
34756,DOWN
34757,UP
34758,UP
34759,UP
34760,UP
34761,DOWN
34762,DOWN
34763,DOWN
34764,DOWN
34765,UP
34766,UP
34767,UP
34768,UP
34769,UP
34770,UP
34771,UP
34772,DOWN
34773,DOWN
34774,DOWN
34775,DOWN
34776,UP
34777,DOWN
34778,UP
34779,UP
34780,DOWN
34781,UP
34782,DOWN
34783,UP
34784,UP
34785,UP
34786,UP
34787,UP
34788,DOWN
34789,DOWN
34790,UP
34791,UP
34792,DOWN
34793,UP
34794,UP
34795,DOWN
34796,UP
34797,UP
34798,UP
34799,DOWN
34800,UP
34801,UP
34802,DOWN
34803,UP
34804,UP
34805,UP
34806,UP
34807,UP
34808,DOWN
34809,UP
34810,DOWN
34811,UP
34812,UP
34813,UP
34814,DOWN
34815,DOWN
34816,UP
34817,DOWN
34818,DOWN
34819,DOWN
34820,UP
34821,DOWN
34822,DOWN
34823,DOWN
34824,UP
34825,UP
34826,DOWN
34827,UP
34828,DOWN
34829,UP
34830,UP
34831,DOWN
34832,UP
34833,DOWN
34834,UP
34835,UP
34836,UP
34837,UP
34838,DOWN
34839,UP
34840,UP
34841,DOWN
34842,UP
34843,UP
34844,DOWN
34845,DOWN
34846,UP
34847,UP
34848,UP
34849,DOWN
34850,UP
34851,UP
34852,DOWN
34853,UP
34854,UP
34855,UP
34856,DOWN
34857,UP
34858,DOWN
34859,UP
34860,UP
34861,UP
34862,UP
34863,UP
34864,UP
34865,UP
34866,UP
34867,DOWN
34868,UP
34869,UP
34870,DOWN
34871,DOWN
34872,UP
34873,DOWN
34874,UP
34875,DOWN
34876,DOWN
34877,UP
34878,UP
34879,UP
34880,UP
34881,DOWN
34882,UP
34883,UP
34884,DOWN
34885,DOWN
34886,DOWN
34887,DOWN
34888,DOWN
34889,DOWN
34890,DOWN
34891,DOWN
34892,DOWN
34893,UP
34894,UP
34895,DOWN
34896,DOWN
34897,UP
34898,UP
34899,UP
34900,UP
34901,DOWN
34902,UP
34903,DOWN
34904,UP
34905,UP
34906,UP
34907,UP
34908,UP
34909,DOWN
34910,UP
34911,UP
34912,DOWN
34913,UP
34914,UP
34915,UP
34916,UP
34917,UP
34918,DOWN
34919,UP
34920,UP
34921,UP
34922,DOWN
34923,DOWN
34924,UP
34925,DOWN
34926,UP
34927,UP
34928,UP
34929,DOWN
34930,DOWN
34931,UP
34932,UP
34933,UP
34934,DOWN
34935,UP
34936,UP
34937,DOWN
34938,UP
34939,UP
34940,UP
34941,UP
34942,UP
34943,UP
34944,UP
34945,DOWN
34946,DOWN
34947,UP
34948,UP
34949,UP
34950,DOWN
34951,UP
34952,UP
34953,UP
34954,DOWN
34955,DOWN
34956,UP
34957,DOWN
34958,DOWN
34959,UP
34960,UP
34961,DOWN
34962,UP
34963,DOWN
34964,DOWN
34965,UP
34966,UP
34967,UP
34968,UP
34969,UP
34970,UP
34971,UP
34972,DOWN
34973,UP
34974,UP
34975,UP
34976,UP
34977,UP
34978,UP
34979,UP
34980,UP
34981,DOWN
34982,UP
34983,UP
34984,DOWN
34985,DOWN
34986,DOWN
34987,UP
34988,UP
34989,UP
34990,DOWN
34991,DOWN
34992,DOWN
34993,UP
34994,DOWN
34995,UP
34996,UP
34997,DOWN
34998,DOWN
34999,UP
35000,DOWN
35001,DOWN
35002,DOWN
35003,UP
35004,UP
35005,UP
35006,DOWN
35007,UP
35008,UP
35009,DOWN
35010,DOWN
35011,UP
35012,DOWN
35013,UP
35014,DOWN
35015,UP
35016,DOWN
35017,UP
35018,DOWN
35019,UP
35020,UP
35021,UP
35022,UP
35023,UP
35024,UP
35025,UP
35026,UP
35027,UP
35028,UP
35029,DOWN
35030,UP
35031,UP
35032,DOWN
35033,UP
35034,DOWN
35035,DOWN
35036,UP
35037,UP
35038,DOWN
35039,UP
35040,DOWN
35041,UP
35042,UP
35043,DOWN
35044,UP
35045,UP
35046,UP
35047,UP
35048,DOWN
35049,UP
35050,UP
35051,UP
35052,UP
35053,UP
35054,UP
35055,DOWN
35056,DOWN
35057,UP
35058,UP
35059,DOWN
35060,UP
35061,UP
35062,UP
35063,UP
35064,UP
35065,UP
35066,UP
35067,DOWN
35068,DOWN
35069,DOWN
35070,UP
35071,DOWN
35072,DOWN
35073,UP
35074,UP
35075,DOWN
35076,DOWN
35077,UP
35078,UP
35079,UP
35080,DOWN
35081,UP
35082,UP
35083,DOWN
35084,DOWN
35085,UP
35086,UP
35087,DOWN
35088,DOWN
35089,UP
35090,UP
35091,DOWN
35092,UP
35093,UP
35094,DOWN
35095,UP
35096,UP
35097,UP
35098,DOWN
35099,UP
35100,DOWN
35101,DOWN
35102,DOWN
35103,DOWN
35104,UP
35105,UP
35106,DOWN
35107,DOWN
35108,UP
35109,DOWN
35110,DOWN
35111,UP
35112,DOWN
35113,UP
35114,UP
35115,UP
35116,DOWN
35117,UP
35118,UP
35119,DOWN
35120,DOWN
35121,UP
35122,UP
35123,UP
35124,UP
35125,DOWN
35126,UP
35127,DOWN
35128,DOWN
35129,UP
35130,DOWN
35131,UP
35132,UP
35133,DOWN
35134,UP
35135,UP
35136,DOWN
35137,DOWN
35138,UP
35139,UP
35140,DOWN
35141,UP
35142,DOWN
35143,DOWN
35144,DOWN
35145,UP
35146,DOWN
35147,UP
35148,UP
35149,DOWN
35150,UP
35151,UP
35152,DOWN
35153,DOWN
35154,UP
35155,UP
35156,UP
35157,UP
35158,UP
35159,DOWN
35160,UP
35161,UP
35162,UP
35163,UP
35164,DOWN
35165,UP
35166,UP
35167,UP
35168,DOWN
35169,UP
35170,UP
35171,UP
35172,DOWN
35173,DOWN
35174,UP
35175,DOWN
35176,UP
35177,UP
35178,DOWN
35179,DOWN
35180,DOWN
35181,UP
35182,DOWN
35183,UP
35184,UP
35185,UP
35186,DOWN
35187,UP
35188,UP
35189,UP
35190,DOWN
35191,DOWN
35192,UP
35193,UP
35194,UP
35195,DOWN
35196,DOWN
35197,DOWN
35198,UP
35199,DOWN
35200,UP
35201,DOWN
35202,DOWN
35203,UP
35204,DOWN
35205,UP
35206,UP
35207,DOWN
35208,UP
35209,UP
35210,UP
35211,UP
35212,UP
35213,UP
35214,DOWN
35215,UP
35216,UP
35217,DOWN
35218,DOWN
35219,DOWN
35220,UP
35221,UP
35222,UP
35223,UP
35224,DOWN
35225,UP
35226,UP
35227,UP
35228,DOWN
35229,UP
35230,DOWN
35231,UP
35232,UP
35233,UP
35234,DOWN
35235,DOWN
35236,UP
35237,UP
35238,UP
35239,UP
35240,DOWN
35241,UP
35242,UP
35243,UP
35244,UP
35245,UP
35246,UP
35247,DOWN
35248,UP
35249,DOWN
35250,DOWN
35251,UP
35252,DOWN
35253,DOWN
35254,UP
35255,UP
35256,DOWN
35257,DOWN
35258,DOWN
35259,UP
35260,DOWN
35261,UP
35262,DOWN
35263,DOWN
35264,UP
35265,UP
35266,UP
35267,UP
35268,UP
35269,DOWN
35270,DOWN
35271,UP
35272,UP
35273,UP
35274,UP
35275,UP
35276,UP
35277,UP
35278,UP
35279,DOWN
35280,DOWN
35281,UP
35282,UP
35283,UP
35284,UP
35285,UP
35286,DOWN
35287,DOWN
35288,UP
35289,DOWN
35290,UP
35291,DOWN
35292,UP
35293,DOWN
35294,UP
35295,DOWN
35296,DOWN
35297,UP
35298,UP
35299,UP
35300,DOWN
35301,DOWN
35302,UP
35303,UP
35304,UP
35305,UP
35306,UP
35307,DOWN
35308,DOWN
35309,UP
35310,UP
35311,DOWN
35312,DOWN
35313,DOWN
35314,UP
35315,UP
35316,UP
35317,UP
35318,DOWN
35319,UP
35320,DOWN
35321,UP
35322,UP
35323,UP
35324,UP
35325,DOWN
35326,DOWN
35327,DOWN
35328,UP
35329,UP
35330,DOWN
35331,UP
35332,UP
35333,UP
35334,DOWN
35335,UP
35336,UP
35337,UP
35338,UP
35339,DOWN
35340,UP
35341,UP
35342,DOWN
35343,UP
35344,DOWN
35345,DOWN
35346,DOWN
35347,DOWN
35348,UP
35349,UP
35350,UP
35351,UP
35352,DOWN
35353,UP
35354,UP
35355,UP
35356,DOWN
35357,DOWN
35358,DOWN
35359,UP
35360,DOWN
35361,UP
35362,DOWN
35363,UP
35364,UP
35365,UP
35366,UP
35367,UP
35368,UP
35369,UP
35370,UP
35371,DOWN
35372,UP
35373,DOWN
35374,UP
35375,DOWN
35376,DOWN
35377,DOWN
35378,UP
35379,UP
35380,UP
35381,UP
35382,DOWN
35383,UP
35384,DOWN
35385,UP
35386,UP
35387,UP
35388,UP
35389,DOWN
35390,UP
35391,UP
35392,UP
35393,DOWN
35394,UP
35395,UP
35396,DOWN
35397,DOWN
35398,UP
35399,UP
35400,UP
35401,UP
35402,DOWN
35403,UP
35404,UP
35405,DOWN
35406,UP
35407,UP
35408,UP
35409,UP
35410,DOWN
35411,UP
35412,DOWN
35413,UP
35414,UP
35415,UP
35416,DOWN
35417,DOWN
35418,DOWN
35419,UP
35420,DOWN
35421,UP
35422,UP
35423,DOWN
35424,DOWN
35425,DOWN
35426,UP
35427,UP
35428,DOWN
35429,UP
35430,DOWN
35431,UP
35432,UP
35433,UP
35434,DOWN
35435,UP
35436,DOWN
35437,UP
35438,DOWN
35439,UP
35440,DOWN
35441,DOWN
35442,DOWN
35443,DOWN
35444,DOWN
35445,UP
35446,DOWN
35447,DOWN
35448,UP
35449,UP
35450,DOWN
35451,UP
35452,UP
35453,DOWN
35454,UP
35455,DOWN
35456,UP
35457,DOWN
35458,DOWN
35459,UP
35460,UP
35461,DOWN
35462,UP
35463,DOWN
35464,UP
35465,UP
35466,UP
35467,UP
35468,UP
35469,UP
35470,DOWN
35471,UP
35472,DOWN
35473,DOWN
35474,DOWN
35475,UP
35476,DOWN
35477,UP
35478,UP
35479,UP
35480,UP
35481,DOWN
35482,UP
35483,DOWN
35484,DOWN
35485,UP
35486,DOWN
35487,DOWN
35488,UP
35489,DOWN
35490,DOWN
35491,UP
35492,UP
35493,DOWN
35494,UP
35495,UP
35496,DOWN
35497,UP
35498,UP
35499,UP
35500,DOWN
35501,UP
35502,DOWN
35503,UP
35504,UP
35505,UP
35506,UP
35507,UP
35508,UP
35509,DOWN
35510,UP
35511,UP
35512,UP
35513,DOWN
35514,UP
35515,DOWN
35516,UP
35517,DOWN
35518,DOWN
35519,UP
35520,DOWN
35521,DOWN
35522,UP
35523,DOWN
35524,UP
35525,UP
35526,UP
35527,DOWN
35528,DOWN
35529,DOWN
35530,UP
35531,UP
35532,DOWN
35533,UP
35534,UP
35535,DOWN
35536,DOWN
35537,UP
35538,DOWN
35539,UP
35540,UP
35541,UP
35542,UP
35543,DOWN
35544,DOWN
35545,DOWN
35546,UP
35547,DOWN
35548,UP
35549,DOWN
35550,DOWN
35551,UP
35552,UP
35553,UP
35554,UP
35555,DOWN
35556,DOWN
35557,UP
35558,UP
35559,DOWN
35560,UP
35561,DOWN
35562,UP
35563,UP
35564,DOWN
35565,UP
35566,UP
35567,DOWN
35568,UP
35569,UP
35570,UP
35571,UP
35572,UP
35573,DOWN
35574,UP
35575,UP
35576,UP
35577,UP
35578,DOWN
35579,UP
35580,DOWN
35581,UP
35582,DOWN
35583,UP
35584,UP
35585,DOWN
35586,UP
35587,UP
35588,UP
35589,UP
35590,UP
35591,DOWN
35592,DOWN
35593,DOWN
35594,DOWN
35595,UP
35596,DOWN
35597,UP
35598,DOWN
35599,UP
35600,UP
35601,DOWN
35602,UP
35603,DOWN
35604,UP
35605,UP
35606,UP
35607,UP
35608,DOWN
35609,UP
35610,UP
35611,DOWN
35612,UP
35613,DOWN
35614,DOWN
35615,UP
35616,UP
35617,DOWN
35618,DOWN
35619,DOWN
35620,DOWN
35621,DOWN
35622,DOWN
35623,DOWN
35624,DOWN
35625,DOWN
35626,DOWN
35627,UP
35628,DOWN
35629,UP
35630,UP
35631,UP
35632,UP
35633,UP
35634,UP
35635,UP
35636,DOWN
35637,UP
35638,DOWN
35639,UP
35640,UP
35641,UP
35642,UP
35643,UP
35644,UP
35645,UP
35646,UP
35647,DOWN
35648,DOWN
35649,DOWN
35650,DOWN
35651,DOWN
35652,DOWN
35653,UP
35654,DOWN
35655,UP
35656,UP
35657,UP
35658,UP
35659,DOWN
35660,DOWN
35661,UP
35662,DOWN
35663,DOWN
35664,UP
35665,UP
35666,DOWN
35667,UP
35668,UP
35669,UP
35670,DOWN
35671,UP
35672,DOWN
35673,UP
35674,UP
35675,DOWN
35676,DOWN
35677,UP
35678,DOWN
35679,UP
35680,DOWN
35681,UP
35682,UP
35683,UP
35684,UP
35685,DOWN
35686,DOWN
35687,DOWN
35688,DOWN
35689,DOWN
35690,DOWN
35691,UP
35692,DOWN
35693,UP
35694,DOWN
35695,UP
35696,UP
35697,UP
35698,DOWN
35699,DOWN
35700,UP
35701,DOWN
35702,UP
35703,UP
35704,DOWN
35705,UP
35706,UP
35707,UP
35708,UP
35709,DOWN
35710,DOWN
35711,DOWN
35712,UP
35713,UP
35714,UP
35715,DOWN
35716,UP
35717,UP
35718,UP
35719,DOWN
35720,UP
35721,DOWN
35722,UP
35723,DOWN
35724,UP
35725,DOWN
35726,UP
35727,UP
35728,UP
35729,UP
35730,UP
35731,UP
35732,DOWN
35733,UP
35734,DOWN
35735,UP
35736,DOWN
35737,DOWN
35738,UP
35739,DOWN
35740,UP
35741,DOWN
35742,UP
35743,DOWN
35744,DOWN
35745,UP
35746,UP
35747,UP
35748,DOWN
35749,UP
35750,UP
35751,UP
35752,UP
35753,UP
35754,UP
35755,UP
35756,UP
35757,DOWN
35758,UP
35759,UP
35760,DOWN
35761,UP
35762,UP
35763,DOWN
35764,UP
35765,DOWN
35766,DOWN
35767,DOWN
35768,UP
35769,UP
35770,UP
35771,UP
35772,DOWN
35773,UP
35774,UP
35775,UP
35776,UP
35777,UP
35778,UP
35779,UP
35780,UP
35781,DOWN
35782,DOWN
35783,UP
35784,UP
35785,UP
35786,UP
35787,UP
35788,UP
35789,DOWN
35790,UP
35791,UP
35792,UP
35793,UP
35794,DOWN
35795,DOWN
35796,DOWN
35797,DOWN
35798,UP
35799,DOWN
35800,DOWN
35801,UP
35802,UP
35803,UP
35804,DOWN
35805,DOWN
35806,DOWN
35807,UP
35808,UP
35809,DOWN
35810,UP
35811,UP
35812,UP
35813,UP
35814,DOWN
35815,UP
35816,DOWN
35817,UP
35818,DOWN
35819,UP
35820,UP
35821,DOWN
35822,DOWN
35823,UP
35824,UP
35825,UP
35826,DOWN
35827,DOWN
35828,UP
35829,UP
35830,DOWN
35831,DOWN
35832,UP
35833,DOWN
35834,DOWN
35835,UP
35836,DOWN
35837,UP
35838,DOWN
35839,DOWN
35840,UP
35841,DOWN
35842,DOWN
35843,UP
35844,UP
35845,DOWN
35846,DOWN
35847,DOWN
35848,UP
35849,DOWN
35850,DOWN
35851,UP
35852,UP
35853,UP
35854,UP
35855,DOWN
35856,UP
35857,DOWN
35858,UP
35859,UP
35860,UP
35861,UP
35862,UP
35863,DOWN
35864,DOWN
35865,UP
35866,UP
35867,UP
35868,UP
35869,UP
35870,UP
35871,UP
35872,UP
35873,DOWN
35874,UP
35875,DOWN
35876,UP
35877,UP
35878,UP
35879,DOWN
35880,UP
35881,DOWN
35882,DOWN
35883,UP
35884,UP
35885,DOWN
35886,DOWN
35887,UP
35888,UP
35889,DOWN
35890,UP
35891,UP
35892,DOWN
35893,DOWN
35894,UP
35895,DOWN
35896,UP
35897,UP
35898,UP
35899,DOWN
35900,DOWN
35901,DOWN
35902,UP
35903,UP
35904,UP
35905,UP
35906,DOWN
35907,UP
35908,UP
35909,UP
35910,UP
35911,UP
35912,DOWN
35913,UP
35914,DOWN
35915,DOWN
35916,UP
35917,UP
35918,UP
35919,UP
35920,DOWN
35921,DOWN
35922,UP
35923,DOWN
35924,DOWN
35925,UP
35926,DOWN
35927,DOWN
35928,UP
35929,UP
35930,UP
35931,UP
35932,DOWN
35933,UP
35934,DOWN
35935,UP
35936,UP
35937,UP
35938,DOWN
35939,UP
35940,UP
35941,UP
35942,DOWN
35943,DOWN
35944,UP
35945,DOWN
35946,DOWN
35947,UP
35948,DOWN
35949,UP
35950,UP
35951,UP
35952,DOWN
35953,UP
35954,UP
35955,DOWN
35956,UP
35957,DOWN
35958,DOWN
35959,UP
35960,DOWN
35961,UP
35962,UP
35963,UP
35964,UP
35965,DOWN
35966,UP
35967,DOWN
35968,UP
35969,UP
35970,DOWN
35971,DOWN
35972,UP
35973,UP
35974,UP
35975,UP
35976,UP
35977,UP
35978,DOWN
35979,DOWN
35980,DOWN
35981,UP
35982,UP
35983,DOWN
35984,UP
35985,DOWN
35986,DOWN
35987,DOWN
35988,DOWN
35989,UP
35990,UP
35991,UP
35992,DOWN
35993,DOWN
35994,UP
35995,UP
35996,DOWN
35997,UP
35998,UP
35999,UP
36000,UP
36001,DOWN
36002,UP
36003,UP
36004,DOWN
36005,UP
36006,UP
36007,UP
36008,UP
36009,UP
36010,UP
36011,UP
36012,UP
36013,DOWN
36014,DOWN
36015,UP
36016,DOWN
36017,DOWN
36018,UP
36019,UP
36020,DOWN
36021,UP
36022,UP
36023,DOWN
36024,UP
36025,DOWN
36026,UP
36027,DOWN
36028,DOWN
36029,UP
36030,UP
36031,DOWN
36032,DOWN
36033,DOWN
36034,UP
36035,UP
36036,DOWN
36037,UP
36038,DOWN
36039,DOWN
36040,UP
36041,UP
36042,UP
36043,UP
36044,UP
36045,UP
36046,UP
36047,DOWN
36048,UP
36049,DOWN
36050,DOWN
36051,UP
36052,DOWN
36053,DOWN
36054,DOWN
36055,UP
36056,UP
36057,DOWN
36058,DOWN
36059,UP
36060,DOWN
36061,DOWN
36062,DOWN
36063,DOWN
36064,UP
36065,UP
36066,UP
36067,DOWN
36068,UP
36069,UP
36070,UP
36071,UP
36072,UP
36073,UP
36074,DOWN
36075,DOWN
36076,UP
36077,DOWN
36078,UP
36079,UP
36080,UP
36081,DOWN
36082,UP
36083,DOWN
36084,DOWN
36085,UP
36086,UP
36087,DOWN
36088,UP
36089,UP
36090,DOWN
36091,UP
36092,DOWN
36093,UP
36094,UP
36095,UP
36096,UP
36097,UP
36098,UP
36099,UP
36100,DOWN
36101,UP
36102,UP
36103,DOWN
36104,UP
36105,UP
36106,DOWN
36107,DOWN
36108,UP
36109,UP
36110,DOWN
36111,UP
36112,UP
36113,DOWN
36114,UP
36115,UP
36116,UP
36117,UP
36118,UP
36119,UP
36120,UP
36121,DOWN
36122,UP
36123,UP
36124,UP
36125,UP
36126,UP
36127,UP
36128,DOWN
36129,UP
36130,UP
36131,UP
36132,DOWN
36133,UP
36134,UP
36135,DOWN
36136,DOWN
36137,UP
36138,DOWN
36139,UP
36140,DOWN
36141,UP
36142,DOWN
36143,UP
36144,UP
36145,UP
36146,UP
36147,DOWN
36148,DOWN
36149,UP
36150,DOWN
36151,UP
36152,DOWN
36153,UP
36154,UP
36155,UP
36156,DOWN
36157,UP
36158,UP
36159,UP
36160,DOWN
36161,UP
36162,UP
36163,UP
36164,UP
36165,DOWN
36166,DOWN
36167,UP
36168,UP
36169,UP
36170,DOWN
36171,UP
36172,DOWN
36173,UP
36174,DOWN
36175,DOWN
36176,UP
36177,UP
36178,DOWN
36179,UP
36180,DOWN
36181,UP
36182,UP
36183,UP
36184,DOWN
36185,UP
36186,UP
36187,UP
36188,DOWN
36189,DOWN
36190,DOWN
36191,DOWN
36192,UP
36193,UP
36194,UP
36195,UP
36196,UP
36197,UP
36198,DOWN
36199,DOWN
36200,UP
36201,DOWN
36202,DOWN
36203,UP
36204,UP
36205,UP
36206,UP
36207,UP
36208,UP
36209,UP
36210,DOWN
36211,UP
36212,UP
36213,UP
36214,UP
36215,UP
36216,UP
36217,UP
36218,DOWN
36219,DOWN
36220,DOWN
36221,UP
36222,DOWN
36223,UP
36224,DOWN
36225,UP
36226,UP
36227,UP
36228,UP
36229,DOWN
36230,DOWN
36231,UP
36232,DOWN
36233,UP
36234,UP
36235,UP
36236,DOWN
36237,UP
36238,UP
36239,UP
36240,DOWN
36241,UP
36242,DOWN
36243,UP
36244,UP
36245,UP
36246,DOWN
36247,UP
36248,DOWN
36249,DOWN
36250,UP
36251,DOWN
36252,DOWN
36253,DOWN
36254,DOWN
36255,DOWN
36256,UP
36257,UP
36258,UP
36259,UP
36260,UP
36261,UP
36262,DOWN
36263,UP
36264,UP
36265,UP
36266,DOWN
36267,UP
36268,UP
36269,DOWN
36270,UP
36271,UP
36272,DOWN
36273,UP
36274,UP
36275,UP
36276,UP
36277,UP
36278,DOWN
36279,UP
36280,UP
36281,DOWN
36282,DOWN
36283,DOWN
36284,UP
36285,UP
36286,UP
36287,UP
36288,UP
36289,DOWN
36290,DOWN
36291,UP
36292,DOWN
36293,UP
36294,UP
36295,UP
36296,UP
36297,UP
36298,UP
36299,UP
36300,UP
36301,UP
36302,UP
36303,UP
36304,UP
36305,UP
36306,UP
36307,DOWN
36308,UP
36309,UP
36310,UP
36311,UP
36312,DOWN
36313,DOWN
36314,DOWN
36315,UP
36316,UP
36317,DOWN
36318,DOWN
36319,DOWN
36320,DOWN
36321,DOWN
36322,DOWN
36323,DOWN
36324,UP
36325,UP
36326,DOWN
36327,UP
36328,DOWN
36329,UP
36330,UP
36331,DOWN
36332,DOWN
36333,UP
36334,UP
36335,UP
36336,UP
36337,UP
36338,DOWN
36339,UP
36340,DOWN
36341,DOWN
36342,UP
36343,UP
36344,UP
36345,DOWN
36346,UP
36347,UP
36348,UP
36349,UP
36350,UP
36351,UP
36352,UP
36353,DOWN
36354,UP
36355,UP
36356,UP
36357,UP
36358,UP
36359,UP
36360,DOWN
36361,UP
36362,DOWN
36363,DOWN
36364,UP
36365,DOWN
36366,UP
36367,UP
36368,UP
36369,DOWN
36370,DOWN
36371,UP
36372,UP
36373,DOWN
36374,UP
36375,UP
36376,UP
36377,DOWN
36378,UP
36379,UP
36380,UP
36381,DOWN
36382,UP
36383,UP
36384,UP
36385,UP
36386,DOWN
36387,DOWN
36388,UP
36389,DOWN
36390,UP
36391,UP
36392,DOWN
36393,UP
36394,DOWN
36395,UP
36396,UP
36397,DOWN
36398,DOWN
36399,UP
36400,UP
36401,UP
36402,UP
36403,DOWN
36404,UP
36405,DOWN
36406,UP
36407,UP
36408,UP
36409,DOWN
36410,DOWN
36411,UP
36412,DOWN
36413,UP
36414,UP
36415,UP
36416,UP
36417,UP
36418,DOWN
36419,DOWN
36420,DOWN
36421,DOWN
36422,UP
36423,DOWN
36424,UP
36425,DOWN
36426,DOWN
36427,DOWN
36428,UP
36429,DOWN
36430,DOWN
36431,UP
36432,DOWN
36433,DOWN
36434,DOWN
36435,DOWN
36436,DOWN
36437,UP
36438,DOWN
36439,UP
36440,DOWN
36441,DOWN
36442,UP
36443,UP
36444,UP
36445,DOWN
36446,DOWN
36447,UP
36448,UP
36449,DOWN
36450,DOWN
36451,UP
36452,UP
36453,DOWN
36454,DOWN
36455,UP
36456,UP
36457,DOWN
36458,DOWN
36459,UP
36460,UP
36461,DOWN
36462,UP
36463,UP
36464,UP
36465,UP
36466,UP
36467,DOWN
36468,UP
36469,DOWN
36470,DOWN
36471,DOWN
36472,UP
36473,DOWN
36474,UP
36475,UP
36476,DOWN
36477,DOWN
36478,DOWN
36479,DOWN
36480,DOWN
36481,UP
36482,DOWN
36483,UP
36484,UP
36485,DOWN
36486,DOWN
36487,DOWN
36488,UP
36489,DOWN
36490,UP
36491,UP
36492,DOWN
36493,UP
36494,UP
36495,UP
36496,UP
36497,UP
36498,UP
36499,UP
36500,UP
36501,UP
36502,UP
36503,UP
36504,UP
36505,UP
36506,UP
36507,DOWN
36508,UP
36509,DOWN
36510,UP
36511,DOWN
36512,UP
36513,DOWN
36514,UP
36515,DOWN
36516,UP
36517,UP
36518,DOWN
36519,DOWN
36520,UP
36521,UP
36522,UP
36523,DOWN
36524,UP
36525,DOWN
36526,DOWN
36527,UP
36528,UP
36529,UP
36530,UP
36531,UP
36532,UP
36533,UP
36534,UP
36535,DOWN
36536,DOWN
36537,DOWN
36538,UP
36539,UP
36540,DOWN
36541,UP
36542,DOWN
36543,UP
36544,DOWN
36545,DOWN
36546,UP
36547,UP
36548,UP
36549,UP
36550,UP
36551,DOWN
36552,UP
36553,UP
36554,DOWN
36555,UP
36556,UP
36557,UP
36558,UP
36559,DOWN
36560,UP
36561,DOWN
36562,UP
36563,UP
36564,UP
36565,DOWN
36566,UP
36567,DOWN
36568,UP
36569,DOWN
36570,UP
36571,UP
36572,UP
36573,DOWN
36574,DOWN
36575,UP
36576,DOWN
36577,UP
36578,UP
36579,UP
36580,DOWN
36581,UP
36582,UP
36583,DOWN
36584,DOWN
36585,UP
36586,UP
36587,UP
36588,UP
36589,UP
36590,UP
36591,DOWN
36592,DOWN
36593,DOWN
36594,DOWN
36595,UP
36596,UP
36597,UP
36598,DOWN
36599,UP
36600,DOWN
36601,UP
36602,UP
36603,UP
36604,DOWN
36605,DOWN
36606,DOWN
36607,UP
36608,UP
36609,UP
36610,UP
36611,DOWN
36612,UP
36613,UP
36614,UP
36615,DOWN
36616,UP
36617,UP
36618,DOWN
36619,UP
36620,UP
36621,UP
36622,UP
36623,UP
36624,UP
36625,UP
36626,UP
36627,DOWN
36628,UP
36629,UP
36630,DOWN
36631,DOWN
36632,UP
36633,DOWN
36634,DOWN
36635,UP
36636,UP
36637,DOWN
36638,DOWN
36639,DOWN
36640,DOWN
36641,DOWN
36642,UP
36643,DOWN
36644,DOWN
36645,UP
36646,UP
36647,UP
36648,UP
36649,UP
36650,UP
36651,UP
36652,UP
36653,DOWN
36654,UP
36655,DOWN
36656,UP
36657,UP
36658,UP
36659,UP
36660,DOWN
36661,UP
36662,UP
36663,UP
36664,UP
36665,UP
36666,UP
36667,UP
36668,UP
36669,DOWN
36670,UP
36671,UP
36672,UP
36673,UP
36674,UP
36675,DOWN
36676,UP
36677,UP
36678,DOWN
36679,DOWN
36680,DOWN
36681,UP
36682,DOWN
36683,DOWN
36684,UP
36685,DOWN
36686,UP
36687,DOWN
36688,UP
36689,UP
36690,UP
36691,DOWN
36692,UP
36693,UP
36694,UP
36695,UP
36696,UP
36697,DOWN
36698,UP
36699,UP
36700,DOWN
36701,UP
36702,UP
36703,UP
36704,UP
36705,UP
36706,DOWN
36707,DOWN
36708,DOWN
36709,DOWN
36710,DOWN
36711,DOWN
36712,UP
36713,DOWN
36714,UP
36715,UP
36716,DOWN
36717,UP
36718,UP
36719,UP
36720,DOWN
36721,DOWN
36722,UP
36723,UP
36724,DOWN
36725,DOWN
36726,UP
36727,UP
36728,DOWN
36729,UP
36730,DOWN
36731,UP
36732,UP
36733,UP
36734,UP
36735,UP
36736,DOWN
36737,UP
36738,UP
36739,UP
36740,DOWN
36741,DOWN
36742,DOWN
36743,UP
36744,UP
36745,UP
36746,UP
36747,UP
36748,UP
36749,DOWN
36750,UP
36751,UP
36752,UP
36753,DOWN
36754,UP
36755,UP
36756,DOWN
36757,UP
36758,UP
36759,DOWN
36760,DOWN
36761,UP
36762,UP
36763,UP
36764,UP
36765,DOWN
36766,DOWN
36767,UP
36768,DOWN
36769,DOWN
36770,UP
36771,UP
36772,UP
36773,DOWN
36774,UP
36775,DOWN
36776,UP
36777,DOWN
36778,DOWN
36779,DOWN
36780,DOWN
36781,DOWN
36782,UP
36783,UP
36784,UP
36785,UP
36786,UP
36787,UP
36788,DOWN
36789,UP
36790,UP
36791,UP
36792,DOWN
36793,DOWN
36794,UP
36795,DOWN
36796,DOWN
36797,DOWN
36798,DOWN
36799,UP
36800,UP
36801,DOWN
36802,UP
36803,UP
36804,DOWN
36805,UP
36806,DOWN
36807,UP
36808,UP
36809,DOWN
36810,UP
36811,DOWN
36812,UP
36813,DOWN
36814,DOWN
36815,DOWN
36816,UP
36817,UP
36818,UP
36819,UP
36820,DOWN
36821,DOWN
36822,DOWN
36823,DOWN
36824,UP
36825,DOWN
36826,UP
36827,UP
36828,UP
36829,UP
36830,DOWN
36831,UP
36832,UP
36833,UP
36834,DOWN
36835,DOWN
36836,DOWN
36837,UP
36838,UP
36839,DOWN
36840,UP
36841,UP
36842,UP
36843,UP
36844,UP
36845,UP
36846,UP
36847,DOWN
36848,UP
36849,DOWN
36850,UP
36851,UP
36852,UP
36853,UP
36854,UP
36855,UP
36856,UP
36857,UP
36858,DOWN
36859,UP
36860,UP
36861,UP
36862,UP
36863,DOWN
36864,UP
36865,UP
36866,DOWN
36867,UP
36868,UP
36869,DOWN
36870,DOWN
36871,DOWN
36872,DOWN
36873,UP
36874,DOWN
36875,DOWN
36876,DOWN
36877,DOWN
36878,UP
36879,UP
36880,UP
36881,DOWN
36882,UP
36883,UP
36884,UP
36885,UP
36886,UP
36887,UP
36888,UP
36889,UP
36890,DOWN
36891,UP
36892,DOWN
36893,UP
36894,UP
36895,DOWN
36896,UP
36897,UP
36898,UP
36899,UP
36900,UP
36901,UP
36902,UP
36903,DOWN
36904,UP
36905,DOWN
36906,DOWN
36907,UP
36908,UP
36909,UP
36910,UP
36911,UP
36912,UP
36913,UP
36914,DOWN
36915,DOWN
36916,DOWN
36917,UP
36918,UP
36919,UP
36920,UP
36921,UP
36922,UP
36923,UP
36924,DOWN
36925,DOWN
36926,UP
36927,DOWN
36928,UP
36929,UP
36930,DOWN
36931,UP
36932,DOWN
36933,DOWN
36934,DOWN
36935,UP
36936,UP
36937,DOWN
36938,UP
36939,UP
36940,UP
36941,DOWN
36942,UP
36943,UP
36944,DOWN
36945,DOWN
36946,UP
36947,UP
36948,DOWN
36949,UP
36950,DOWN
36951,DOWN
36952,UP
36953,UP
36954,DOWN
36955,DOWN
36956,UP
36957,UP
36958,UP
36959,UP
36960,DOWN
36961,DOWN
36962,DOWN
36963,UP
36964,DOWN
36965,DOWN
36966,UP
36967,DOWN
36968,DOWN
36969,UP
36970,UP
36971,DOWN
36972,DOWN
36973,DOWN
36974,UP
36975,UP
36976,UP
36977,DOWN
36978,DOWN
36979,UP
36980,DOWN
36981,UP
36982,DOWN
36983,UP
36984,UP
36985,UP
36986,DOWN
36987,UP
36988,UP
36989,DOWN
36990,DOWN
36991,UP
36992,DOWN
36993,UP
36994,UP
36995,UP
36996,UP
36997,DOWN
36998,UP
36999,UP
37000,UP
37001,UP
37002,UP
37003,UP
37004,DOWN
37005,UP
37006,UP
37007,UP
37008,DOWN
37009,DOWN
37010,DOWN
37011,UP
37012,DOWN
37013,DOWN
37014,UP
37015,DOWN
37016,DOWN
37017,UP
37018,UP
37019,DOWN
37020,UP
37021,UP
37022,UP
37023,DOWN
37024,UP
37025,DOWN
37026,DOWN
37027,UP
37028,DOWN
37029,DOWN
37030,UP
37031,UP
37032,DOWN
37033,DOWN
37034,UP
37035,DOWN
37036,UP
37037,UP
37038,DOWN
37039,UP
37040,DOWN
37041,UP
37042,UP
37043,UP
37044,DOWN
37045,UP
37046,DOWN
37047,UP
37048,UP
37049,DOWN
37050,UP
37051,DOWN
37052,DOWN
37053,DOWN
37054,UP
37055,DOWN
37056,UP
37057,DOWN
37058,UP
37059,UP
37060,DOWN
37061,DOWN
37062,DOWN
37063,DOWN
37064,UP
37065,UP
37066,DOWN
37067,DOWN
37068,UP
37069,DOWN
37070,DOWN
37071,DOWN
37072,UP
37073,UP
37074,DOWN
37075,DOWN
37076,DOWN
37077,UP
37078,UP
37079,DOWN
37080,DOWN
37081,UP
37082,DOWN
37083,DOWN
37084,UP
37085,DOWN
37086,DOWN
37087,UP
37088,UP
37089,DOWN
37090,DOWN
37091,UP
37092,UP
37093,DOWN
37094,UP
37095,UP
37096,UP
37097,UP
37098,DOWN
37099,DOWN
37100,UP
37101,UP
37102,DOWN
37103,UP
37104,DOWN
37105,UP
37106,UP
37107,DOWN
37108,UP
37109,UP
37110,UP
37111,UP
37112,UP
37113,UP
37114,DOWN
37115,DOWN
37116,UP
37117,UP
37118,UP
37119,UP
37120,DOWN
37121,UP
37122,DOWN
37123,UP
37124,DOWN
37125,DOWN
37126,DOWN
37127,DOWN
37128,DOWN
37129,DOWN
37130,UP
37131,DOWN
37132,DOWN
37133,DOWN
37134,DOWN
37135,UP
37136,UP
37137,UP
37138,DOWN
37139,UP
37140,UP
37141,UP
37142,DOWN
37143,UP
37144,UP
37145,UP
37146,DOWN
37147,DOWN
37148,DOWN
37149,UP
37150,DOWN
37151,UP
37152,DOWN
37153,UP
37154,UP
37155,DOWN
37156,UP
37157,UP
37158,DOWN
37159,UP
37160,UP
37161,UP
37162,UP
37163,DOWN
37164,DOWN
37165,UP
37166,UP
37167,DOWN
37168,UP
37169,DOWN
37170,DOWN
37171,UP
37172,DOWN
37173,UP
37174,UP
37175,UP
37176,DOWN
37177,UP
37178,UP
37179,UP
37180,DOWN
37181,UP
37182,UP
37183,UP
37184,UP
37185,DOWN
37186,UP
37187,UP
37188,UP
37189,UP
37190,UP
37191,UP
37192,UP
37193,UP
37194,UP
37195,UP
37196,UP
37197,DOWN
37198,UP
37199,DOWN
37200,DOWN
37201,DOWN
37202,UP
37203,UP
37204,DOWN
37205,UP
37206,DOWN
37207,UP
37208,UP
37209,UP
37210,UP
37211,UP
37212,UP
37213,UP
37214,UP
37215,UP
37216,UP
37217,UP
37218,DOWN
37219,DOWN
37220,UP
37221,DOWN
37222,UP
37223,UP
37224,DOWN
37225,UP
37226,DOWN
37227,UP
37228,DOWN
37229,UP
37230,UP
37231,UP
37232,UP
37233,UP
37234,UP
37235,DOWN
37236,UP
37237,UP
37238,DOWN
37239,DOWN
37240,UP
37241,DOWN
37242,DOWN
37243,DOWN
37244,DOWN
37245,DOWN
37246,DOWN
37247,DOWN
37248,DOWN
37249,UP
37250,UP
37251,UP
37252,DOWN
37253,DOWN
37254,DOWN
37255,DOWN
37256,UP
37257,UP
37258,DOWN
37259,UP
37260,DOWN
37261,DOWN
37262,UP
37263,DOWN
37264,UP
37265,DOWN
37266,DOWN
37267,DOWN
37268,DOWN
37269,DOWN
37270,UP
37271,DOWN
37272,DOWN
37273,DOWN
37274,DOWN
37275,UP
37276,UP
37277,UP
37278,UP
37279,UP
37280,UP
37281,UP
37282,DOWN
37283,DOWN
37284,DOWN
37285,DOWN
37286,UP
37287,UP
37288,UP
37289,DOWN
37290,UP
37291,DOWN
37292,DOWN
37293,UP
37294,UP
37295,DOWN
37296,DOWN
37297,UP
37298,UP
37299,UP
37300,UP
37301,UP
37302,DOWN
37303,DOWN
37304,UP
37305,UP
37306,UP
37307,UP
37308,DOWN
37309,UP
37310,UP
37311,UP
37312,UP
37313,UP
37314,DOWN
37315,DOWN
37316,UP
37317,DOWN
37318,UP
37319,DOWN
37320,DOWN
37321,UP
37322,UP
37323,UP
37324,UP
37325,UP
37326,UP
37327,UP
37328,UP
37329,DOWN
37330,UP
37331,UP
37332,UP
37333,UP
37334,UP
37335,UP
37336,DOWN
37337,UP
37338,UP
37339,UP
37340,UP
37341,UP
37342,DOWN
37343,UP
37344,DOWN
37345,UP
37346,UP
37347,UP
37348,UP
37349,DOWN
37350,DOWN
37351,DOWN
37352,UP
37353,UP
37354,UP
37355,UP
37356,DOWN
37357,UP
37358,DOWN
37359,UP
37360,UP
37361,UP
37362,UP
37363,UP
37364,UP
37365,DOWN
37366,DOWN
37367,UP
37368,UP
37369,DOWN
37370,UP
37371,UP
37372,UP
37373,UP
37374,DOWN
37375,DOWN
37376,UP
37377,DOWN
37378,DOWN
37379,UP
37380,DOWN
37381,UP
37382,DOWN
37383,DOWN
37384,DOWN
37385,DOWN
37386,DOWN
37387,UP
37388,UP
37389,UP
37390,UP
37391,DOWN
37392,DOWN
37393,UP
37394,UP
37395,UP
37396,DOWN
37397,UP
37398,DOWN
37399,UP
37400,UP
37401,UP
37402,UP
37403,DOWN
37404,UP
37405,UP
37406,UP
37407,DOWN
37408,DOWN
37409,DOWN
37410,UP
37411,UP
37412,UP
37413,UP
37414,DOWN
37415,UP
37416,UP
37417,UP
37418,DOWN
37419,UP
37420,UP
37421,UP
37422,UP
37423,UP
37424,UP
37425,DOWN
37426,DOWN
37427,UP
37428,DOWN
37429,UP
37430,UP
37431,UP
37432,DOWN
37433,DOWN
37434,DOWN
37435,UP
37436,UP
37437,UP
37438,UP
37439,UP
37440,UP
37441,DOWN
37442,UP
37443,UP
37444,DOWN
37445,UP
37446,UP
37447,UP
37448,UP
37449,DOWN
37450,UP
37451,UP
37452,UP
37453,UP
37454,UP
37455,UP
37456,DOWN
37457,DOWN
37458,UP
37459,UP
37460,UP
37461,UP
37462,UP
37463,UP
37464,UP
37465,UP
37466,DOWN
37467,UP
37468,UP
37469,DOWN
37470,UP
37471,UP
37472,DOWN
37473,DOWN
37474,UP
37475,DOWN
37476,UP
37477,UP
37478,UP
37479,UP
37480,UP
37481,UP
37482,UP
37483,DOWN
37484,UP
37485,UP
37486,UP
37487,UP
37488,DOWN
37489,UP
37490,DOWN
37491,DOWN
37492,DOWN
37493,UP
37494,UP
37495,UP
37496,UP
37497,UP
37498,UP
37499,UP
37500,UP
37501,DOWN
37502,UP
37503,UP
37504,UP
37505,UP
37506,DOWN
37507,UP
37508,DOWN
37509,UP
37510,DOWN
37511,DOWN
37512,DOWN
37513,DOWN
37514,DOWN
37515,DOWN
37516,UP
37517,UP
37518,UP
37519,UP
37520,UP
37521,UP
37522,UP
37523,UP
37524,DOWN
37525,UP
37526,UP
37527,DOWN
37528,UP
37529,UP
37530,UP
37531,DOWN
37532,UP
37533,UP
37534,DOWN
37535,UP
37536,UP
37537,UP
37538,DOWN
37539,DOWN
37540,DOWN
37541,DOWN
37542,DOWN
37543,UP
37544,UP
37545,DOWN
37546,UP
37547,UP
37548,DOWN
37549,UP
37550,UP
37551,UP
37552,UP
37553,UP
37554,UP
37555,UP
37556,UP
37557,DOWN
37558,UP
37559,UP
37560,UP
37561,DOWN
37562,UP
37563,UP
37564,DOWN
37565,UP
37566,UP
37567,UP
37568,UP
37569,DOWN
37570,UP
37571,UP
37572,UP
37573,UP
37574,DOWN
37575,DOWN
37576,UP
37577,UP
37578,UP
37579,UP
37580,UP
37581,DOWN
37582,UP
37583,UP
37584,UP
37585,UP
37586,UP
37587,DOWN
37588,UP
37589,DOWN
37590,UP
37591,DOWN
37592,DOWN
37593,UP
37594,DOWN
37595,UP
37596,DOWN
37597,UP
37598,UP
37599,UP
37600,DOWN
37601,UP
37602,UP
37603,UP
37604,UP
37605,UP
37606,UP
37607,DOWN
37608,UP
37609,DOWN
37610,DOWN
37611,UP
37612,UP
37613,UP
37614,DOWN
37615,DOWN
37616,UP
37617,DOWN
37618,UP
37619,UP
37620,DOWN
37621,UP
37622,DOWN
37623,UP
37624,UP
37625,UP
37626,UP
37627,DOWN
37628,UP
37629,UP
37630,UP
37631,DOWN
37632,UP
37633,UP
37634,DOWN
37635,DOWN
37636,UP
37637,DOWN
37638,UP
37639,UP
37640,UP
37641,UP
37642,UP
37643,UP
37644,UP
37645,UP
37646,UP
37647,UP
37648,UP
37649,UP
37650,UP
37651,UP
37652,UP
37653,DOWN
37654,DOWN
37655,DOWN
37656,DOWN
37657,DOWN
37658,DOWN
37659,UP
37660,UP
37661,DOWN
37662,UP
37663,UP
37664,UP
37665,UP
37666,UP
37667,UP
37668,UP
37669,UP
37670,UP
37671,DOWN
37672,DOWN
37673,DOWN
37674,UP
37675,DOWN
37676,UP
37677,UP
37678,UP
37679,UP
37680,UP
37681,UP
37682,UP
37683,DOWN
37684,UP
37685,UP
37686,UP
37687,UP
37688,UP
37689,UP
37690,UP
37691,DOWN
37692,DOWN
37693,UP
37694,UP
37695,DOWN
37696,UP
37697,DOWN
37698,UP
37699,UP
37700,DOWN
37701,UP
37702,UP
37703,UP
37704,DOWN
37705,UP
37706,UP
37707,DOWN
37708,UP
37709,UP
37710,UP
37711,UP
37712,UP
37713,UP
37714,UP
37715,DOWN
37716,UP
37717,UP
37718,UP
37719,UP
37720,UP
37721,UP
37722,UP
37723,UP
37724,DOWN
37725,DOWN
37726,UP
37727,DOWN
37728,UP
37729,UP
37730,UP
37731,DOWN
37732,DOWN
37733,UP
37734,UP
37735,DOWN
37736,DOWN
37737,DOWN
37738,DOWN
37739,DOWN
37740,DOWN
37741,UP
37742,UP
37743,UP
37744,UP
37745,UP
37746,UP
37747,DOWN
37748,UP
37749,UP
37750,DOWN
37751,UP
37752,DOWN
37753,UP
37754,UP
37755,DOWN
37756,UP
37757,DOWN
37758,DOWN
37759,DOWN
37760,DOWN
37761,UP
37762,UP
37763,DOWN
37764,UP
37765,UP
37766,DOWN
37767,UP
37768,UP
37769,UP
37770,UP
37771,UP
37772,DOWN
37773,UP
37774,UP
37775,UP
37776,UP
37777,DOWN
37778,UP
37779,DOWN
37780,DOWN
37781,UP
37782,DOWN
37783,UP
37784,DOWN
37785,UP
37786,UP
37787,DOWN
37788,DOWN
37789,DOWN
37790,UP
37791,DOWN
37792,DOWN
37793,UP
37794,UP
37795,UP
37796,UP
37797,DOWN
37798,DOWN
37799,UP
37800,DOWN
37801,DOWN
37802,DOWN
37803,DOWN
37804,UP
37805,DOWN
37806,UP
37807,UP
37808,UP
37809,UP
37810,UP
37811,DOWN
37812,DOWN
37813,UP
37814,UP
37815,DOWN
37816,UP
37817,DOWN
37818,UP
37819,UP
37820,UP
37821,UP
37822,DOWN
37823,UP
37824,DOWN
37825,UP
37826,UP
37827,DOWN
37828,UP
37829,UP
37830,UP
37831,UP
37832,UP
37833,UP
37834,DOWN
37835,UP
37836,DOWN
37837,UP
37838,UP
37839,UP
37840,UP
37841,DOWN
37842,DOWN
37843,UP
37844,UP
37845,DOWN
37846,UP
37847,UP
37848,DOWN
37849,UP
37850,UP
37851,UP
37852,DOWN
37853,DOWN
37854,DOWN
37855,UP
37856,UP
37857,UP
37858,UP
37859,UP
37860,DOWN
37861,UP
37862,UP
37863,UP
37864,UP
37865,UP
37866,UP
37867,UP
37868,UP
37869,UP
37870,DOWN
37871,UP
37872,UP
37873,DOWN
37874,DOWN
37875,UP
37876,UP
37877,UP
37878,DOWN
37879,UP
37880,UP
37881,UP
37882,DOWN
37883,UP
37884,DOWN
37885,DOWN
37886,UP
37887,UP
37888,DOWN
37889,DOWN
37890,UP
37891,UP
37892,DOWN
37893,UP
37894,UP
37895,UP
37896,UP
37897,UP
37898,UP
37899,UP
37900,UP
37901,UP
37902,DOWN
37903,DOWN
37904,UP
37905,UP
37906,UP
37907,DOWN
37908,UP
37909,DOWN
37910,DOWN
37911,DOWN
37912,UP
37913,UP
37914,UP
37915,UP
37916,UP
37917,UP
37918,UP
37919,DOWN
37920,UP
37921,DOWN
37922,UP
37923,DOWN
37924,DOWN
37925,UP
37926,DOWN
37927,UP
37928,DOWN
37929,DOWN
37930,UP
37931,UP
37932,UP
37933,DOWN
37934,UP
37935,UP
37936,UP
37937,DOWN
37938,UP
37939,UP
37940,UP
37941,UP
37942,UP
37943,UP
37944,DOWN
37945,DOWN
37946,DOWN
37947,UP
37948,DOWN
37949,DOWN
37950,UP
37951,DOWN
37952,UP
37953,UP
37954,DOWN
37955,UP
37956,UP
37957,DOWN
37958,DOWN
37959,DOWN
37960,DOWN
37961,UP
37962,UP
37963,DOWN
37964,UP
37965,UP
37966,UP
37967,UP
37968,UP
37969,UP
37970,UP
37971,UP
37972,DOWN
37973,DOWN
37974,DOWN
37975,DOWN
37976,DOWN
37977,DOWN
37978,DOWN
37979,UP
37980,UP
37981,DOWN
37982,UP
37983,DOWN
37984,DOWN
37985,UP
37986,UP
37987,UP
37988,UP
37989,UP
37990,UP
37991,DOWN
37992,DOWN
37993,UP
37994,UP
37995,DOWN
37996,UP
37997,DOWN
37998,UP
37999,DOWN
38000,DOWN
38001,UP
38002,UP
38003,DOWN
38004,UP
38005,UP
38006,UP
38007,DOWN
38008,UP
38009,DOWN
38010,UP
38011,DOWN
38012,UP
38013,UP
38014,UP
38015,DOWN
38016,UP
38017,UP
38018,DOWN
38019,UP
38020,UP
38021,UP
38022,DOWN
38023,UP
38024,UP
38025,UP
38026,DOWN
38027,UP
38028,UP
38029,UP
38030,UP
38031,UP
38032,UP
38033,DOWN
38034,DOWN
38035,UP
38036,DOWN
38037,DOWN
38038,DOWN
38039,DOWN
38040,UP
38041,DOWN
38042,UP
38043,UP
38044,UP
38045,DOWN
38046,DOWN
38047,DOWN
38048,UP
38049,UP
38050,DOWN
38051,UP
38052,DOWN
38053,UP
38054,UP
38055,UP
38056,DOWN
38057,DOWN
38058,UP
38059,UP
38060,UP
38061,DOWN
38062,UP
38063,DOWN
38064,DOWN
38065,UP
38066,DOWN
38067,UP
38068,UP
38069,UP
38070,DOWN
38071,UP
38072,DOWN
38073,UP
38074,DOWN
38075,DOWN
38076,UP
38077,DOWN
38078,UP
38079,UP
38080,UP
38081,UP
38082,DOWN
38083,DOWN
38084,UP
38085,DOWN
38086,DOWN
38087,UP
38088,DOWN
38089,UP
38090,UP
38091,UP
38092,DOWN
38093,DOWN
38094,DOWN
38095,UP
38096,UP
38097,DOWN
38098,DOWN
38099,UP
38100,DOWN
38101,UP
38102,UP
38103,DOWN
38104,UP
38105,UP
38106,UP
38107,DOWN
38108,UP
38109,UP
38110,UP
38111,UP
38112,UP
38113,UP
38114,DOWN
38115,DOWN
38116,UP
38117,DOWN
38118,UP
38119,DOWN
38120,UP
38121,UP
38122,DOWN
38123,UP
38124,UP
38125,UP
38126,DOWN
38127,UP
38128,UP
38129,DOWN
38130,UP
38131,DOWN
38132,UP
38133,UP
38134,DOWN
38135,DOWN
38136,UP
38137,UP
38138,UP
38139,UP
38140,DOWN
38141,DOWN
38142,UP
38143,UP
38144,DOWN
38145,DOWN
38146,UP
38147,UP
38148,DOWN
38149,DOWN
38150,UP
38151,UP
38152,UP
38153,DOWN
38154,UP
38155,UP
38156,UP
38157,UP
38158,DOWN
38159,DOWN
38160,UP
38161,DOWN
38162,UP
38163,UP
38164,UP
38165,UP
38166,DOWN
38167,UP
38168,UP
38169,UP
38170,UP
38171,UP
38172,UP
38173,UP
38174,DOWN
38175,UP
38176,UP
38177,DOWN
38178,UP
38179,DOWN
38180,UP
38181,UP
38182,UP
38183,UP
38184,UP
38185,UP
38186,UP
38187,DOWN
38188,DOWN
38189,DOWN
38190,DOWN
38191,UP
38192,UP
38193,UP
38194,DOWN
38195,DOWN
38196,DOWN
38197,UP
38198,UP
38199,UP
38200,UP
38201,DOWN
38202,UP
38203,DOWN
38204,DOWN
38205,UP
38206,UP
38207,UP
38208,UP
38209,UP
38210,UP
38211,DOWN
38212,UP
38213,DOWN
38214,DOWN
38215,UP
38216,DOWN
38217,DOWN
38218,DOWN
38219,DOWN
38220,DOWN
38221,UP
38222,UP
38223,UP
38224,DOWN
38225,DOWN
38226,DOWN
38227,UP
38228,UP
38229,DOWN
38230,DOWN
38231,UP
38232,UP
38233,UP
38234,DOWN
38235,UP
38236,UP
38237,DOWN
38238,DOWN
38239,UP
38240,UP
38241,DOWN
38242,UP
38243,UP
38244,DOWN
38245,DOWN
38246,DOWN
38247,UP
38248,UP
38249,UP
38250,UP
38251,UP
38252,UP
38253,UP
38254,DOWN
38255,UP
38256,DOWN
38257,UP
38258,UP
38259,DOWN
38260,UP
38261,UP
38262,UP
38263,DOWN
38264,DOWN
38265,UP
38266,DOWN
38267,UP
38268,UP
38269,DOWN
38270,UP
38271,UP
38272,UP
38273,UP
38274,UP
38275,UP
38276,UP
38277,UP
38278,DOWN
38279,DOWN
38280,UP
38281,DOWN
38282,UP
38283,UP
38284,UP
38285,UP
38286,UP
38287,DOWN
38288,UP
38289,UP
38290,UP
38291,DOWN
38292,UP
38293,UP
38294,DOWN
38295,UP
38296,DOWN
38297,DOWN
38298,UP
38299,UP
38300,UP
38301,DOWN
38302,UP
38303,UP
38304,UP
38305,DOWN
38306,UP
38307,UP
38308,UP
38309,DOWN
38310,UP
38311,UP
38312,UP
38313,DOWN
38314,UP
38315,UP
38316,UP
38317,UP
38318,UP
38319,UP
38320,UP
38321,UP
38322,UP
38323,UP
38324,UP
38325,DOWN
38326,UP
38327,DOWN
38328,UP
38329,UP
38330,UP
38331,DOWN
38332,UP
38333,DOWN
38334,UP
38335,DOWN
38336,DOWN
38337,UP
38338,DOWN
38339,UP
38340,UP
38341,DOWN
38342,UP
38343,UP
38344,DOWN
38345,DOWN
38346,UP
38347,UP
38348,DOWN
38349,UP
38350,UP
38351,DOWN
38352,UP
38353,DOWN
38354,DOWN
38355,UP
38356,DOWN
38357,DOWN
38358,UP
38359,DOWN
38360,DOWN
38361,DOWN
38362,UP
38363,UP
38364,DOWN
38365,UP
38366,UP
38367,DOWN
38368,DOWN
38369,UP
38370,UP
38371,UP
38372,DOWN
38373,DOWN
38374,UP
38375,DOWN
38376,UP
38377,UP
38378,DOWN
38379,UP
38380,UP
38381,UP
38382,UP
38383,DOWN
38384,UP
38385,UP
38386,DOWN
38387,UP
38388,DOWN
38389,UP
38390,DOWN
38391,DOWN
38392,UP
38393,UP
38394,UP
38395,UP
38396,UP
38397,UP
38398,UP
38399,DOWN
38400,UP
38401,UP
38402,DOWN
38403,DOWN
38404,UP
38405,DOWN
38406,DOWN
38407,UP
38408,UP
38409,DOWN
38410,DOWN
38411,UP
38412,UP
38413,UP
38414,DOWN
38415,DOWN
38416,DOWN
38417,DOWN
38418,UP
38419,UP
38420,DOWN
38421,UP
38422,UP
38423,UP
38424,DOWN
38425,UP
38426,UP
38427,UP
38428,UP
38429,DOWN
38430,UP
38431,DOWN
38432,UP
38433,UP
38434,UP
38435,DOWN
38436,UP
38437,UP
38438,DOWN
38439,UP
38440,DOWN
38441,DOWN
38442,UP
38443,UP
38444,UP
38445,DOWN
38446,UP
38447,UP
38448,UP
38449,DOWN
38450,UP
38451,UP
38452,UP
38453,UP
38454,UP
38455,UP
38456,DOWN
38457,DOWN
38458,DOWN
38459,DOWN
38460,UP
38461,UP
38462,UP
38463,UP
38464,UP
38465,UP
38466,UP
38467,UP
38468,DOWN
38469,DOWN
38470,UP
38471,UP
38472,DOWN
38473,UP
